,player_name,position,age,height,weight,rating,value,follower,shots_total,shots_on,goals_total,goals_conceded,goals_assists,passes_total,passes_key,passes_accuracy,tackles_total,tackles_blocks,tackles_interceptions,duels_total,duels_won,dribbles_attempts,dribbles_success,fouls_drawn,fouls_committed,cards_yellow,cards_yellowred,cards_red,penalty_won,penalty_commited,penalty_success,penalty_missed,penalty_saved,games_appearences,games_lineups,substitutes_in,substitutes_out,substitutes_bench,games_played
0,A. Anguissa,2.0,25.0,184.0,78.0,2.3333333333333335,20.0,67879,0.554,0.1288,0.0129,0.0,0.0,22.1875,0.2706,3.2985,1.2112,0.1417,0.8504,3.4402,1.6621,1.4431,1.1467,0.5283,0.7473,0.1804,0.0129,0.0,0.0,0.0,0.0,0.0,0.0,1.4044,0.9277,0.4767,0.2577,0.5927,77.6111
4,A. Di MarÃ­a,2.0,32.0,180.0,75.0,4.833333333333333,32.0,11513791,3.0823,1.1138,0.4705,0.0,0.3745,32.2437,2.2277,6.1453,0.4321,0.048,0.4225,4.3785,1.738,3.2455,1.6804,0.6433,0.4225,0.096,0.0,0.0,0.0096,0.0192,0.0096,0.0096,0.0,1.2003,1.0754,0.1248,0.5857,0.2401,104.1444
5,A. DoucourÃ©,2.0,27.0,184.0,75.0,4.666666666666667,20.0,46206,1.5438,0.4384,0.1525,0.0,0.1048,46.3437,1.1245,4.6792,1.9632,0.2287,1.1341,10.216,4.8507,1.5724,1.0388,0.5146,1.2198,0.2668,0.0,0.0,0.0,0.0191,0.0,0.0,0.0,1.0388,1.0006,0.0381,0.1048,0.0381,104.9333
6,A. Golovin,2.0,24.0,180.0,69.0,4.666666666666667,20.0,11440,1.7539,0.6715,0.1403,0.0,0.1203,35.1882,1.4733,6.6347,0.8218,0.0501,1.0223,7.8675,3.7884,2.1648,1.5134,1.8441,1.5635,0.2706,0.01,0.01,0.0,0.0,0.0,0.01,0.0,1.1024,1.0323,0.0702,0.3408,0.0702,99.7778
10,A. Harit,2.0,23.0,180.0,67.0,6.714285714285714,24.0,1019540,1.2031,0.5363,0.1594,0.0,0.1305,29.483,1.7104,8.3347,0.4204,0.0145,0.6088,9.7697,5.1892,4.363,2.4642,3.5368,0.9277,0.1305,0.0,0.0,0.1015,0.0,0.0435,0.0,0.0,1.2756,1.0002,0.2754,0.4928,0.4638,68.9889
11,A. Iwobi,2.0,24.0,180.0,75.0,6.384615384615385,25.5,2393,2.1299,0.9481,0.1429,0.0,0.2078,42.8831,2.1169,12.4156,1.3377,0.1169,0.5844,10.4156,4.5974,3.961,2.4026,0.7143,0.6364,0.013,0.0,0.0,0.0,0.0,0.0,0.0,0.0,1.4416,1.013,0.4286,0.6753,0.7013,77.0
21,A. Pereira,2.0,24.0,178.0,71.0,4.428571428571429,28.0,123684,1.8295,0.6492,0.0787,0.0,0.177,34.2099,1.6328,13.8885,1.0623,0.0393,0.7869,11.3508,4.2689,2.4787,1.2393,1.2197,1.8295,0.3148,0.0,0.0,0.0,0.0,0.0,0.0,0.0,1.7311,1.023,0.7082,0.6689,1.1016,50.8333
23,A. Rabiot,2.0,25.0,188.0,71.0,4.9,24.0,1741682,0.6609,0.1652,0.0826,0.0,0.1101,62.3406,0.7848,8.481,0.8674,0.1377,1.1152,7.173,4.1166,1.8587,1.363,1.0188,1.5282,0.1377,0.0138,0.0,0.0,0.0,0.0,0.0,0.0,1.2666,1.005,0.2616,0.3304,0.3993,72.6333
24,A. Ramsey,2.0,30.0,178.0,76.0,5.833333333333333,25.5,4059287,2.4223,0.993,0.331,0.0,0.2407,45.2557,1.324,11.8857,1.4594,0.0903,0.9178,8.6359,4.0923,1.7302,1.1886,1.4594,1.4443,0.0451,0.0,0.0,0.0451,0.0,0.015,0.0,0.0,1.4744,1.008,0.4664,0.4514,0.6169,66.4667
28,A. Saint-Maximin,2.0,23.0,173.0,67.0,4.384615384615385,40.0,409157,1.5546,0.5262,0.1674,0.0,0.0718,12.7598,1.1839,6.8164,0.2153,0.0239,0.1913,10.093,5.2259,5.3574,3.3006,1.3872,0.3109,0.0478,0.0,0.0,0.0239,0.0,0.012,0.012,0.0,1.148,1.0404,0.1076,0.586,0.1435,83.6222
34,A. Witsel,2.0,31.0,186.0,73.0,6.0,32.0,1451724,1.1155,0.2756,0.1312,0.0,0.0787,67.2178,0.5118,7.3885,1.0499,0.21,1.2598,4.6194,2.9003,1.0499,0.8793,1.4304,0.958,0.0787,0.0,0.0,0.0,0.0,0.0131,0.0,0.0,1.063,0.9843,0.0787,0.0656,0.0787,76.2
36,Allan_NAP,2.0,29.0,173.0,73.0,6.909090909090909,72.0,473238,0.863,0.2183,0.0624,0.0,0.0832,54.2849,0.9982,9.3681,1.9131,0.1976,0.9774,12.7472,6.5088,2.9009,1.9027,1.8195,1.57,0.1768,0.0,0.0,0.0,0.0,0.0,0.0,0.0,1.2581,1.0085,0.2495,0.3015,0.2807,96.1778
40,B. Cristante,2.0,25.0,186.0,80.0,6.3,20.0,158027,1.7798,0.4689,0.1812,0.0,0.0746,41.3606,1.2043,7.6732,0.8313,0.1385,0.9698,11.7123,5.4139,1.865,1.2469,0.5542,1.9822,0.2238,0.0,0.0107,0.0213,0.0,0.0,0.0107,0.0,1.2043,1.0231,0.1812,0.3197,0.2238,93.8333
45,B. Silva,2.0,26.0,173.0,64.0,6.642857142857143,80.0,2076355,1.8257,0.7706,0.2752,0.0,0.2936,50.1468,2.1651,10.4679,1.1376,0.0642,0.7706,9.3119,4.3853,2.945,1.9633,0.8991,0.8716,0.1009,0.0,0.0,0.0275,0.0092,0.0092,0.0,0.0,1.3486,0.9633,0.3853,0.2385,0.4954,109.0
47,C. Eriksen,2.0,28.0,182.0,76.0,6.3125,68.0,2041938,2.6197,1.0339,0.2629,0.0,0.2891,47.7161,2.4796,9.8043,1.1478,0.0613,0.7798,6.7202,2.646,1.2442,0.6484,0.5607,0.5169,0.0789,0.0,0.0,0.0,0.0,0.0088,0.0,0.0,1.2004,0.9638,0.2366,0.1928,0.3154,114.1333
51,C. Pulisic,2.0,22.0,172.0,69.0,6.733333333333333,54.0,2677415,2.6615,0.9836,0.2459,0.0,0.3038,39.2575,1.9672,15.8679,0.8245,0.1302,0.5786,21.4947,9.2864,9.1707,4.6866,2.1553,0.8245,0.0434,0.0,0.0,0.0579,0.0,0.0,0.0,0.0,1.3597,0.9981,0.3616,0.4629,0.4918,69.1333
53,C. Soler,2.0,23.0,180.0,76.0,7.0,40.0,160657,1.5037,0.5439,0.0853,0.0,0.1386,28.1017,1.1091,7.54,0.8319,0.16,0.4266,8.4038,3.8926,1.717,0.8958,1.6744,1.5677,0.2346,0.0,0.0,0.0107,0.0107,0.0,0.0,0.0,1.2158,0.9918,0.224,0.4159,0.3093,93.7667
56,C. Ãœnder,2.0,23.0,173.0,66.0,6.4,24.0,979374,2.6569,0.8918,0.3159,0.0,0.2044,21.5339,1.7093,12.0211,0.2973,0.0557,0.7803,6.6515,2.8984,3.1771,1.9323,1.3749,0.353,0.0743,0.0,0.0,0.0,0.0186,0.0,0.0,0.0,1.6536,1.0776,0.576,0.7989,1.0219,53.8222
57,Casemiro,2.0,28.0,185.0,84.0,7.2727272727272725,64.0,12051174,1.2679,0.3675,0.1378,0.0,0.0643,53.2411,0.6615,8.6086,1.8467,0.3307,1.9477,10.7952,6.0545,0.8728,0.6707,1.8283,2.0304,0.2664,0.0092,0.0,0.0092,0.0276,0.0,0.0,0.0,1.0841,1.0382,0.0459,0.1929,0.1837,108.8444
59,D. Alli,2.0,24.0,188.0,76.0,6.461538461538462,64.0,7285080,1.9422,0.7155,0.2788,0.0,0.2695,32.4223,1.5983,8.9489,1.2359,0.1673,0.6691,11.3836,4.9995,3.0666,1.3753,1.6727,0.9943,0.1673,0.0,0.0,0.0279,0.0,0.0279,0.0,0.0,1.1802,1.0222,0.158,0.4832,0.1859,107.6111
64,D. James,2.0,23.0,170.0,76.0,4.583333333333333,22.5,1773988,2.2536,0.8371,0.161,0.0,0.2093,23.1801,1.1751,10.1896,0.7083,0.0805,0.2415,9.4008,4.7487,2.6078,1.3683,2.5112,0.5473,0.0805,0.0,0.0,0.0644,0.0,0.0,0.0,0.0,1.2234,1.0141,0.2093,0.4668,0.4346,62.1222
70,D. Parejo,2.0,31.0,182.0,74.0,7.333333333333333,28.0,276500,1.2082,0.5223,0.2183,0.0,0.1637,57.4563,2.128,6.0177,0.9977,0.1637,1.0523,7.5377,4.1547,1.6837,1.216,2.0657,0.9666,0.265,0.0078,0.0156,0.0078,0.0234,0.1403,0.039,0.0,1.0445,1.0133,0.0312,0.0702,0.0312,128.2889
71,D. Pereira,2.0,29.0,188.0,83.0,4.2,24.0,343156,1.2451,0.2779,0.0778,0.0,0.0556,38.4968,0.378,5.6139,0.7448,0.1556,1.1784,7.0035,4.2354,0.8004,0.5558,1.1784,1.1339,0.189,0.0,0.0,0.0,0.0,0.0,0.0,0.0,1.0783,1.0116,0.0667,0.1667,0.1,89.9556
72,D. Praet,2.0,26.0,181.0,78.0,6.0,19.0,107659,1.0609,0.3381,0.0466,0.0,0.1049,40.7215,1.0376,6.9365,1.2358,0.0699,1.1425,9.3381,4.8031,2.0751,1.3174,1.0376,0.851,0.1516,0.0,0.0,0.0117,0.0117,0.0,0.0,0.0,1.1775,1.0259,0.1516,0.3381,0.2681,85.7778
73,D. Rice,2.0,21.0,185.0,76.0,5.7,49.5,238354,0.5541,0.1551,0.0222,0.0,0.0332,38.0522,0.3546,7.0475,2.6262,0.3546,1.8616,9.3081,5.3189,1.0749,0.8089,0.1441,0.6205,0.1108,0.0,0.0,0.0,0.0111,0.0,0.0,0.0,1.1192,0.9862,0.133,0.0665,0.2992,90.2444
76,D. Zakaria,2.0,24.0,191.0,80.0,6.0,36.0,65712,1.019,0.3081,0.1066,0.0,0.0355,32.2986,0.5806,7.109,1.1019,0.2844,1.564,6.7299,3.2701,2.263,1.3744,0.782,1.5284,0.3436,0.0,0.0,0.0,0.0118,0.0,0.0,0.0,1.2085,1.0308,0.1777,0.2962,0.2014,84.4
79,D. van de Beek,2.0,23.0,184.0,76.0,4.75,44.0,1087517,1.8555,0.7831,0.3405,0.0,0.2298,28.9729,1.5321,5.2856,0.9363,0.0936,0.9192,5.4218,2.8003,1.515,0.9788,0.6894,0.732,0.1277,0.0,0.0,0.017,0.0,0.0,0.0,0.0,1.1405,1.0214,0.1192,0.3149,0.1702,117.4889
81,E. Can,2.0,26.0,184.0,82.0,4.6923076923076925,24.0,2823284,1.3131,0.3812,0.1694,0.0,0.0706,48.2335,0.819,12.1572,1.8356,0.2542,1.2284,10.251,5.9162,1.6238,1.2002,1.2708,1.6661,0.3812,0.0,0.0141,0.0141,0.0282,0.0141,0.0,0.0,1.3414,0.9743,0.3671,0.2824,0.6495,70.8222
83,E. Dier,2.0,26.0,188.0,88.0,6.461538461538462,20.0,827133,0.681,0.1703,0.0341,0.0,0.0568,52.9739,0.454,11.3734,1.3621,0.3973,1.1918,8.0136,4.2565,0.4313,0.3292,0.3178,0.9989,0.193,0.0,0.0,0.0,0.0,0.0,0.0114,0.0,1.1918,1.0102,0.1816,0.2043,0.5221,88.1
84,E. Forsberg,2.0,29.0,179.0,78.0,5.909090909090909,22.5,122997,2.1617,0.8711,0.3549,0.0,0.242,26.8919,2.3069,11.0181,0.5969,0.0323,0.371,7.8562,3.7587,3.1135,1.952,1.4841,0.7905,0.0161,0.0,0.0161,0.0,0.0,0.1452,0.0,0.0,1.468,1.0002,0.4678,0.5969,0.6775,61.9889
87,F. Anderson,2.0,27.0,175.0,70.0,7.166666666666667,32.0,501782,1.6085,0.6546,0.2057,0.0,0.2057,40.1184,1.8703,8.7344,2.5997,0.0187,1.2157,14.177,6.9202,4.9938,2.7868,1.4589,0.8978,0.0748,0.0,0.0,0.0,0.0187,0.0,0.0,0.0,1.2157,1.0661,0.1496,0.4863,0.1683,53.4667
90,F. Coquelin,2.0,29.0,176.0,74.0,6.538461538461538,19.0,42457,0.4633,0.1123,0.014,0.0,0.0281,41.869,0.5616,14.1669,1.1934,0.2527,2.3729,7.2871,4.0858,1.5445,1.1654,1.2356,1.2917,0.2949,0.014,0.0,0.014,0.014,0.0,0.0,0.0,1.3198,0.9688,0.351,0.3791,0.6037,71.2222
91,F. Grillitsch,2.0,25.0,187.0,74.0,4.9,20.0,23993,1.0237,0.2437,0.0487,0.0,0.0975,48.0772,0.9749,7.0806,1.3527,0.1706,2.0718,9.3229,5.1916,1.4137,0.914,1.7427,1.3284,0.2559,0.0,0.0,0.0,0.0122,0.0,0.0,0.0,1.1699,1.0237,0.1462,0.2681,0.2559,82.0556
92,F. KessiÃ©,2.0,24.0,183.0,74.0,7.0,20.0,518657,1.5138,0.4007,0.1158,0.0,0.0801,38.9492,1.1843,6.1888,0.6411,0.1336,0.7836,8.1211,3.7133,1.7097,1.1398,1.0062,1.5405,0.2226,0.0,0.0,0.0089,0.0267,0.0623,0.0089,0.0,1.0686,1.0151,0.0534,0.1692,0.1069,112.3
93,F. Kostic,2.0,28.0,184.0,82.0,7.333333333333333,32.0,148036,2.2878,0.886,0.2467,0.0,0.3252,20.7701,2.4449,4.486,1.6598,0.1009,0.7402,6.2131,3.2187,3.3645,2.0075,1.0766,1.0206,0.157,0.0,0.0112,0.0,0.0112,0.0,0.0,0.0,1.0206,0.9981,0.0224,0.1121,0.0336,89.1667
95,F. Neuhaus,2.0,23.0,183.0,74.0,7.142857142857143,17.5,46916,2.2773,0.7848,0.1801,0.0,0.1415,32.05,1.0936,7.2823,0.7977,0.0772,0.9135,7.8227,3.8728,2.6762,1.5697,1.8142,1.1451,0.2445,0.0,0.0,0.0643,0.0,0.0,0.0,0.0,1.2223,1.0422,0.1801,0.5147,0.2702,77.7222
96,F. Ruiz,2.0,24.0,189.0,70.0,7.111111111111111,48.0,431271,1.9934,0.6117,0.1371,0.0,0.1266,65.4459,1.6559,8.1425,1.2446,0.1055,1.2551,7.8577,4.4299,2.5313,1.8352,0.9598,0.7067,0.116,0.0105,0.0,0.0,0.0,0.0,0.0,0.0,1.1286,0.9914,0.1371,0.1899,0.2742,94.8111
97,F. Thauvin,2.0,27.0,179.0,70.0,3.7,32.0,1106225,3.3366,1.2765,0.5561,0.0,0.2781,31.2428,1.8579,5.106,0.3665,0.0126,0.3286,12.3733,5.9781,4.373,2.7426,1.504,0.8847,0.2149,0.0,0.0126,0.0253,0.0,0.0632,0.0126,0.0,1.1754,1.049,0.1264,0.5435,0.1769,79.1222
99,F. Torres_Val,2.0,20.0,184.0,77.0,7.0,45.0,136076,1.4554,0.5627,0.1746,0.0,0.194,22.1216,1.3195,12.9043,0.815,0.0388,0.6986,6.0931,3.0466,3.26,1.8823,1.3583,1.0867,0.2135,0.0,0.0,0.0,0.0,0.0,0.0,0.0,1.6882,0.9314,0.7568,0.4657,1.3972,51.5333
100,F. de Jong,2.0,23.0,180.0,74.0,4.454545454545454,72.0,7020902,0.5284,0.1887,0.0566,0.0,0.1227,60.9875,1.0945,5.878,0.7925,0.1698,1.1982,6.3686,4.1702,2.3965,1.953,1.1605,0.585,0.0755,0.0094,0.0,0.0189,0.0,0.0,0.0,0.0,1.1322,1.0095,0.1227,0.2359,0.2076,105.9889
101,Fabinho,2.0,27.0,188.0,78.0,5.3076923076923075,56.0,1820950,0.6294,0.177,0.0983,0.0,0.0688,51.5845,0.7671,8.1335,1.5736,0.1377,1.2589,11.5463,6.678,0.9245,0.6589,1.4162,1.4851,0.2852,0.0,0.0,0.0098,0.0,0.0393,0.0,0.0,1.1409,0.9737,0.1672,0.0688,0.2655,101.6778
103,Fred,2.0,27.0,169.0,64.0,5.818181818181818,17.5,5309528,1.0243,0.2276,0.0797,0.0,0.0569,40.1517,0.8308,8.5243,1.3998,0.148,0.9788,7.17,3.2777,1.3316,0.9788,1.0015,1.1267,0.3414,0.0114,0.0,0.0,0.0114,0.0114,0.0,0.0,1.1495,1.0129,0.1366,0.2049,0.4097,87.8667
105,G. Castrovilli,2.0,23.0,176.0,71.0,2.3333333333333335,20.0,124165,0.4302,0.1335,0.1335,0.0,0.0297,9.3605,0.4154,2.1955,0.5785,0.0297,0.2225,0.0,0.0,1.5131,1.0829,0.9049,0.6972,0.2522,0.0,0.0,0.0148,0.0148,0.0,0.0,0.0,1.2164,1.0087,0.2077,0.4302,0.3264,67.4111
108,G. Guedes,2.0,24.0,179.0,68.0,6.181818181818182,22.5,459148,2.1047,0.7065,0.2208,0.0,0.2061,25.4178,1.4571,11.8626,0.4857,0.0,0.5004,11.7007,6.0491,4.2535,2.502,2.8553,1.2805,0.1177,0.0,0.0,0.0294,0.0,0.0,0.0,0.0,1.3835,1.0008,0.3827,0.4857,0.5298,67.9444
111,G. Kondogbia,2.0,27.0,188.0,80.0,5.7272727272727275,22.5,14179,1.0551,0.227,0.0935,0.0,0.0668,43.3506,0.5075,10.2166,1.4156,0.3072,2.3238,11.018,6.0499,1.6961,1.3889,1.6293,1.7495,0.3606,0.0134,0.0,0.0,0.0267,0.0,0.0134,0.0,1.1752,1.0283,0.1469,0.2404,0.2938,74.8778
112,G. Lo Celso,2.0,24.0,177.0,68.0,5.818181818181818,40.0,1173967,1.9484,0.7938,0.2887,0.0,0.1203,48.7826,1.2268,9.3211,1.3471,0.0842,0.6856,10.5118,5.6288,3.4518,2.201,2.1769,1.2629,0.2646,0.012,0.0,0.0241,0.012,0.0241,0.0241,0.0,1.4673,0.9141,0.5533,0.2646,0.7216,83.1444
117,G. Sigurdsson,2.0,31.0,186.0,79.0,6.4,22.5,232800,1.9891,0.75,0.2391,0.0,0.1522,22.8478,1.9565,7.6522,1.4783,0.1304,1.0326,8.9022,3.8152,1.4348,0.8478,0.8587,1.0,0.1087,0.0,0.0,0.0,0.0,0.0326,0.0326,0.0,1.1196,1.0217,0.0978,0.3696,0.1522,92.0
118,G. Wijnaldum,2.0,30.0,175.0,69.0,5.166666666666667,40.0,4309592,1.0683,0.3339,0.1169,0.0,0.0334,42.3333,0.7095,6.6855,0.9515,0.1252,0.6844,7.6788,3.9061,1.8446,1.2019,0.8931,0.5091,0.0584,0.0,0.0,0.0083,0.0,0.0,0.0,0.0,1.1685,1.0183,0.1502,0.3339,0.1753,119.8111
119,G. Xhaka,2.0,28.0,185.0,82.0,5.538461538461538,24.0,2041052,1.1375,0.325,0.0599,0.0,0.1112,64.1794,1.1461,7.3382,1.6507,0.2993,0.975,9.1086,4.6869,0.6928,0.5046,1.3257,1.702,0.3336,0.0,0.0,0.0,0.0257,0.0,0.0,0.0,1.0434,1.0178,0.0257,0.1454,0.0684,116.9222
120,H. Aouar,2.0,22.0,175.0,70.0,4.75,49.5,348189,1.8207,0.6587,0.2104,0.0,0.2196,43.4584,1.2717,6.0018,0.8509,0.1098,0.9149,8.8289,4.5654,3.9067,2.516,1.6377,0.86,0.0915,0.0,0.0,0.0183,0.0,0.0091,0.0,0.0,1.1711,1.0064,0.1647,0.3202,0.3019,109.3
121,H. Barnes,2.0,23.0,174.0,66.0,6.583333333333333,17.5,74268,3.0563,0.9719,0.2813,0.0,0.2558,20.243,1.5729,10.7161,0.4604,0.0767,0.3069,10.0384,4.5396,3.6445,1.9821,1.2404,0.8056,0.0256,0.0,0.0,0.0256,0.0,0.0,0.0,0.0,1.3555,1.0614,0.2941,0.6777,0.4476,78.2
126,H. Mkhitaryan,2.0,31.0,177.0,75.0,6.0588235294117645,20.0,2784521,2.0578,0.7833,0.239,0.0,0.2655,35.2087,1.6861,16.3697,1.1816,0.1195,0.77,9.2005,4.0493,2.6287,1.2878,1.1285,1.1285,0.1328,0.0,0.0,0.0398,0.0266,0.0,0.0,0.0,1.3807,0.9957,0.385,0.4779,0.5045,75.3222
127,H. Wilson,2.0,23.0,173.0,70.0,6.111111111111111,17.5,407655,2.6997,1.014,0.4346,0.0,0.1054,22.8227,1.3565,7.77,0.7638,0.079,0.5795,9.4952,4.5303,1.6594,0.777,2.3705,0.7507,0.1844,0.0,0.0,0.0395,0.0132,0.0527,0.0132,0.0,1.2116,1.0667,0.1449,0.619,0.1975,75.9333
128,H. Winks,2.0,24.0,178.0,65.0,5.916666666666667,32.0,473494,0.4668,0.0934,0.0133,0.0,0.0133,61.845,0.6669,11.6568,1.3471,0.2667,1.1337,6.9087,3.5477,1.2137,0.9069,0.9603,0.8136,0.2267,0.0,0.0,0.0,0.0,0.0,0.0,0.0,1.3337,1.0403,0.2934,0.3868,0.5202,74.9778
129,H. Ziyech,2.0,27.0,181.0,65.0,5.545454545454546,40.0,3165227,4.6071,1.5299,0.3409,0.0,0.4458,40.4585,3.6542,5.2453,1.0753,0.035,0.848,10.8752,4.7033,5.2453,2.8062,1.3725,1.1277,0.1136,0.0,0.0,0.0262,0.0,0.0,0.0087,0.0,1.0665,1.0578,0.0087,0.3322,0.0525,114.3889
131,I. Bennacer,2.0,23.0,175.0,70.0,4.2,17.5,1703476,0.2712,0.0678,0.0226,0.0,0.0678,29.661,0.5989,2.8475,1.2203,0.1582,1.0169,4.7232,2.7345,1.7288,1.3672,0.904,0.904,0.2373,0.0,0.0,0.0,0.0339,0.0,0.0,0.0,1.1299,0.9831,0.1469,0.1582,0.1921,88.5
133,I. Gueye,2.0,31.0,174.0,66.0,5.181818181818182,24.0,659000,0.61,0.1577,0.0421,0.0,0.0631,53.3501,0.6836,7.4772,3.6072,0.2629,1.9666,8.8023,5.0374,1.1989,0.7677,1.304,1.6721,0.1788,0.0105,0.0,0.0,0.0105,0.0,0.0,0.0,1.0937,1.0411,0.0526,0.1893,0.1262,95.0889
134,I. GÃ¼ndogan,2.0,30.0,180.0,80.0,7.166666666666667,40.0,2798933,1.9372,0.5098,0.1733,0.0,0.1937,76.7248,1.7945,11.134,0.9176,0.102,1.2031,7.1474,3.4564,1.5294,1.0706,0.8871,0.7443,0.1733,0.0,0.0,0.0,0.0102,0.0612,0.0102,0.0,1.3867,0.9686,0.418,0.2753,0.5098,98.0778
136,I. Perisic,2.0,31.0,186.0,80.0,7.166666666666667,17.5,1459347,3.0846,1.0028,0.2539,0.0,0.2031,27.7997,1.9929,5.6488,0.5966,0.0889,1.0282,9.7743,4.3794,1.6883,0.8759,0.457,0.9013,0.1396,0.0,0.0,0.0,0.0,0.0381,0.0,0.0,1.0663,1.0028,0.0635,0.1904,0.1269,78.7778
137,I. Rakitic,2.0,32.0,184.0,78.0,7.111111111111111,20.0,17552517,1.3103,0.4182,0.0836,0.0,0.1673,74.3604,0.8178,7.4156,0.5111,0.1673,1.5147,6.4677,3.652,0.8921,0.5947,1.524,0.9757,0.1673,0.0093,0.0,0.0,0.0,0.0,0.0,0.0,1.2638,0.9943,0.2695,0.2974,0.3345,107.6111
140,I. Zubeldia,2.0,23.0,180.0,79.0,6.857142857142857,24.0,20695,0.6638,0.1106,0.0246,0.0,0.0615,43.1316,0.295,7.4488,0.971,0.3319,1.2538,6.8096,3.6752,0.9588,0.8358,0.6392,1.389,0.2581,0.0123,0.0,0.0,0.0123,0.0,0.0,0.0,1.2169,0.971,0.2458,0.1229,0.4425,81.3556
141,Isco,2.0,28.0,176.0,79.0,6.416666666666667,40.0,19487679,2.2998,0.9506,0.276,0.0,0.1687,62.0954,2.0085,14.8416,0.6133,0.0153,0.552,10.6865,5.4736,3.5877,2.5145,2.4532,0.9046,0.1073,0.0,0.0,0.0,0.0,0.0153,0.0,0.0,1.6252,1.0273,0.598,0.8126,0.8739,65.2222
144,J. Boga,2.0,23.0,172.0,68.0,3.5,16.0,1287,1.7737,0.5226,0.2059,0.0,0.095,21.9339,1.1086,7.0948,0.19,0.0,0.2534,8.3143,4.6877,6.794,4.5768,1.647,0.3959,0.0,0.0,0.0,0.0158,0.0158,0.0,0.0158,0.0,1.3778,0.9819,0.3959,0.4593,0.5384,63.1444
148,J. Correa_Laz,2.0,26.0,189.0,75.0,7.0,30.5,626487,3.1334,1.4386,0.335,0.0,0.1577,29.5599,1.9115,9.7745,0.5124,0.0985,0.2365,8.1585,3.961,4.769,2.8969,1.8918,0.9656,0.1182,0.0,0.0197,0.0788,0.0,0.0,0.0197,0.0,1.3795,0.9262,0.4533,0.3153,0.5321,50.7444
149,J. Draxler,2.0,27.0,185.0,72.0,4.384615384615385,24.0,4083998,1.0091,0.4515,0.1328,0.0,0.2656,49.342,1.4872,9.3877,0.6772,0.0266,0.8365,6.4798,3.0673,2.2706,1.6067,0.4913,0.9428,0.239,0.0,0.0,0.0,0.0,0.0,0.0,0.0,1.5137,0.9693,0.5444,0.4647,0.7569,75.3111
152,J. Gbamin,2.0,25.0,186.0,83.0,3.888888888888889,22.5,44473,1.0236,0.2992,0.0472,0.0,0.063,33.4803,0.5512,5.874,0.7717,0.2205,1.4803,12.1732,6.3465,2.126,1.1024,1.0394,1.3701,0.1102,0.0,0.0,0.0,0.0315,0.0,0.0,0.0,1.0394,0.9921,0.0472,0.0787,0.063,63.5
155,J. Grealish,2.0,25.0,175.0,68.0,5.0,30.5,739524,2.2097,0.679,0.2072,0.0,0.2417,40.7302,2.4629,4.9488,0.7481,0.1957,0.5409,14.2481,8.7123,3.6829,2.4284,4.6957,1.0128,0.2072,0.0,0.0,0.023,0.0,0.0115,0.0115,0.0,1.1164,0.9783,0.1381,0.1726,0.1611,86.8889
156,J. Henderson,2.0,29.142857142857142,169.0,62.214285714285715,4.928571428571429,28.0,3644529,0.6514,0.1323,0.0509,0.0,0.112,60.9838,1.0381,8.3761,1.8625,0.1221,1.3231,7.2668,3.8064,0.7328,0.346,0.4478,1.1195,0.1323,0.0102,0.0,0.0,0.0102,0.0,0.0,0.0,1.2213,0.9872,0.2341,0.2646,0.3969,98.2556
157,J. IkonÃ©,2.0,22.0,175.0,67.0,3.5,36.0,150264,1.4382,0.5183,0.1166,0.0,0.2203,19.928,1.4771,4.7293,0.3887,0.0518,0.2203,6.5045,2.5785,4.0685,2.4359,0.8163,0.8681,0.1296,0.0,0.0,0.0,0.0,0.013,0.0,0.0,1.2957,1.1014,0.1944,0.7904,0.311,77.1778
161,J. Lerma,2.0,26.0,179.0,70.0,4.0,20.0,50213,1.0337,0.1439,0.0393,0.0,0.0393,39.8314,0.5757,4.1873,1.2169,0.3926,1.9366,12.4833,6.8828,1.0337,0.7982,1.7534,1.7403,0.5103,0.0131,0.0,0.0131,0.0,0.0,0.0,0.0,1.0992,1.0337,0.0654,0.1832,0.1309,76.4222
162,J. Lingard,2.0,28.0,175.0,62.0,6.428571428571429,17.5,6670002,2.1441,0.7892,0.2762,0.0,0.1447,38.1073,1.3943,14.8772,1.2891,0.0789,0.342,8.8395,3.5911,1.9863,0.9339,1.4075,1.7363,0.2236,0.0,0.0,0.0263,0.0,0.0132,0.0,0.0,1.6179,0.9997,0.6182,0.7629,0.7629,76.0222
163,J. Maddison,2.0,24.0,175.0,73.0,5.8,48.0,788064,2.6882,0.7629,0.2815,0.0,0.1635,40.4773,2.888,6.1029,1.0898,0.0363,0.4268,11.4521,6.4208,2.9152,1.9617,3.0333,0.9808,0.1453,0.0091,0.0,0.0363,0.0,0.0545,0.0182,0.0,1.108,1.0353,0.0727,0.3905,0.1362,110.1111
169,J. Sancho,2.0,20.0,180.0,76.0,4.166666666666667,117.0,4253514,1.6937,0.8729,0.4299,0.0,0.482,42.9024,2.3712,7.5955,0.4169,0.013,0.482,6.7487,3.2571,5.7976,3.231,1.0292,0.1954,0.0651,0.0,0.0,0.0391,0.0,0.0,0.0,0.0,1.3159,0.9771,0.3387,0.4039,0.4169,76.7556
174,J. Veretout,2.0,27.0,177.0,67.0,7.142857142857143,20.0,109424,1.3212,0.4208,0.1762,0.0,0.0587,46.2919,1.7421,5.7645,0.8612,0.1468,1.1353,6.8606,3.3177,1.2234,0.8906,0.9102,1.2625,0.3034,0.0,0.0196,0.0,0.0098,0.1174,0.0196,0.0,1.0668,1.008,0.0587,0.1272,0.0783,102.1778
175,J. Weigl,2.0,25.0,186.0,72.0,5.533333333333333,18.5,641544,0.3303,0.1016,0.0381,0.0,0.0,60.7538,0.2922,13.6321,1.118,0.1906,1.1942,6.6573,3.9257,0.6479,0.5336,1.3213,1.3975,0.2795,0.0127,0.0,0.0,0.0254,0.0127,0.0,0.0,1.1434,0.991,0.1525,0.2033,0.4574,78.7111
179,K. Coman,2.0,24.0,179.0,75.0,7.111111111111111,40.0,1100456,2.248,1.1561,0.3533,0.0,0.2248,34.9884,1.8787,12.091,0.4657,0.0,0.3051,10.3568,5.4915,6.198,3.7734,1.959,0.6905,0.0963,0.0,0.0,0.0482,0.0161,0.0,0.0,0.0,1.4291,0.9795,0.4496,0.5941,0.4978,62.2778
180,K. De Bruyne,2.0,29.0,181.0,68.0,7.083333333333333,120.0,11099793,2.7406,0.9854,0.2771,0.0,0.503,57.2662,3.4694,9.1766,1.4473,0.0924,0.7801,9.8335,4.732,2.7201,1.8579,1.088,0.9135,0.1129,0.0,0.0,0.0103,0.0,0.0205,0.0,0.0,1.2112,1.047,0.1642,0.4824,0.2361,97.4222
181,K. Demirbay,2.0,27.0,182.0,72.0,7.090909090909091,19.0,0,2.1998,0.5432,0.1086,0.0,0.3259,45.9234,2.6614,12.2888,1.3171,0.2444,0.9505,10.1569,4.8612,3.0009,2.0097,1.3443,1.9553,0.2987,0.0136,0.0,0.0,0.0,0.0136,0.0,0.0,1.2357,1.0456,0.1901,0.3938,0.3123,73.6444
184,K. Havertz,2.0,21.0,188.0,83.0,6.4,17.5,767485,2.1459,0.9266,0.3804,0.0,0.2048,42.3128,1.5411,7.3643,0.5365,0.0488,0.4487,9.2858,4.3308,3.0237,1.4533,1.5411,0.9364,0.0878,0.0,0.0,0.0098,0.0,0.0488,0.0,0.0,1.1217,1.0144,0.1073,0.2243,0.1756,102.5222
185,K. Kampl,2.0,30.0,178.0,67.0,5.923076923076923,56.0,170960,0.7227,0.2677,0.0669,0.0,0.1338,33.7918,1.2178,12.7138,0.5888,0.0268,1.0037,4.6171,2.061,0.977,0.7093,0.2543,0.7896,0.1338,0.0,0.0,0.0,0.0,0.0,0.0,0.0,1.1777,0.977,0.2007,0.3346,0.3078,74.7222
187,K. Laimer,2.0,23.0,180.0,72.0,6.363636363636363,32.0,32064,0.6379,0.2287,0.0722,0.0,0.1324,33.2535,0.8545,8.8459,2.2386,0.1685,1.3239,9.8689,4.5975,2.058,1.2276,0.7101,2.0941,0.2527,0.012,0.0,0.012,0.0,0.0,0.0,0.0,1.3239,1.023,0.3009,0.3851,0.5296,83.0889
196,Koke_ATM,2.0,28.0,176.0,77.0,6.363636363636363,48.0,2099960,0.813,0.3358,0.1237,0.0,0.1414,55.3574,1.9089,7.3881,1.1312,0.0972,0.9986,7.6885,3.5791,0.6893,0.4861,1.3344,0.8307,0.1679,0.0088,0.0,0.0177,0.0,0.0,0.0,0.0,1.0782,1.0428,0.0353,0.2298,0.0353,113.1556
197,L. Alberto,2.0,28.0,182.0,70.0,6.444444444444445,44.0,274929,2.7609,0.8304,0.2373,0.0,0.399,46.979,3.0737,6.7298,0.7873,0.0539,0.5716,7.6789,3.462,2.7609,1.8119,1.0893,0.8197,0.1726,0.0,0.0108,0.0108,0.0,0.0216,0.0108,0.0,1.2079,1.0785,0.1294,0.4961,0.2049,92.7222
200,L. Cook,2.0,23.0,175.0,71.0,5.0,16.0,40819,0.6725,0.0791,0.0,0.0,0.0396,37.2066,0.8308,8.9011,1.9978,0.3758,1.1868,10.5626,4.7868,2.3143,1.5429,0.7516,1.2462,0.1978,0.0,0.0,0.0,0.0,0.0,0.0,0.0,1.3648,0.989,0.3758,0.2571,0.633,50.5556
201,L. Dendoncker,2.0,25.0,178.0,67.0,4.5,22.5,1035,0.4636,0.2318,0.0676,0.0,0.0,24.0792,0.2125,6.5486,1.2653,0.2028,0.9176,6.2589,3.3419,0.454,0.3767,0.2704,0.5988,0.1449,0.0,0.0193,0.0,0.0193,0.0,0.0,0.0,1.1204,1.0142,0.1062,0.0966,0.2222,103.5333
203,L. Goretzka,2.0,25.0,189.0,76.0,6.333333333333333,16.0,1054771,2.4448,0.889,0.2778,0.0,0.1945,38.4226,0.9029,9.2375,0.9724,0.1111,1.3891,9.432,4.8341,1.2224,0.6668,1.528,1.4447,0.125,0.0,0.0,0.0556,0.0139,0.0139,0.0,0.0,1.3752,0.9724,0.4028,0.2917,0.4584,71.9889
209,L. Milivojevic,2.0,29.0,186.0,80.0,5.222222222222222,20.0,120595,1.3108,0.5081,0.2439,0.0,0.0508,41.1844,1.1991,5.853,2.3371,0.3252,1.9612,10.3647,5.1823,0.7316,0.5182,0.9857,1.8291,0.2947,0.0,0.0102,0.0,0.0102,0.1931,0.0203,0.0,1.0466,1.006,0.0406,0.0406,0.0813,98.4111
211,L. Moura,2.0,28.0,172.0,72.0,5.133333333333334,32.0,4417592,2.3062,0.8738,0.3438,0.0,0.1289,23.9503,1.2892,14.1382,1.3608,0.043,0.8308,14.9833,7.3914,4.6268,2.736,2.12,1.1316,0.0859,0.0,0.0,0.0,0.0,0.0,0.0143,0.0,1.5041,1.017,0.487,0.5587,0.8595,69.8111
212,L. Ocampos,2.0,26.0,187.0,84.0,4.666666666666667,32.0,362745,2.57,0.9952,0.3188,0.0,0.1353,20.8213,0.8696,5.6329,1.0918,0.0773,0.9952,14.5024,7.1304,4.4541,2.3865,2.2126,1.6329,0.2995,0.0193,0.0097,0.0193,0.0097,0.0097,0.0,0.0,1.1787,1.0242,0.1546,0.2995,0.2029,103.5
213,L. Paredes,2.0,26.0,180.0,75.0,5.769230769230769,20.0,1628214,1.6896,0.4969,0.1325,0.0,0.1436,60.8245,1.6233,9.8834,1.0601,0.2429,1.1264,6.2945,3.5006,0.8834,0.6184,1.3693,1.2589,0.3534,0.0221,0.0,0.0,0.0,0.0221,0.0,0.0,1.2147,0.9607,0.254,0.1877,0.4086,90.5556
214,L. Pellegrini_ASR,2.0,24.0,186.0,77.0,7.222222222222222,32.0,378548,2.2645,0.7784,0.1274,0.0,0.2972,35.8358,2.8306,10.077,0.8633,0.0566,1.1889,8.4636,3.9063,1.9531,1.1889,1.4578,1.5852,0.2265,0.0142,0.0142,0.0,0.0,0.0142,0.0,0.0,1.3304,1.0473,0.2831,0.5944,0.5095,70.6556
218,L. Torreira,2.0,24.0,168.0,64.0,7.0,36.0,1267083,1.0352,0.2775,0.0961,0.0,0.0534,50.8858,0.9072,9.317,1.302,0.2348,1.793,10.3522,5.9872,1.0672,0.7684,2.444,1.2914,0.1814,0.0,0.0107,0.0107,0.0107,0.0,0.0,0.0,1.2914,0.9605,0.3308,0.2348,0.4162,93.7
219,L. Tousart,2.0,23.0,185.0,83.0,5.428571428571429,16.0,116295,1.2097,0.3694,0.0369,0.0,0.0554,45.1755,0.5356,7.9787,1.9577,0.3879,1.8007,7.3415,3.9986,1.0066,0.7295,0.8034,2.0316,0.1847,0.0185,0.0,0.0,0.0277,0.0,0.0,0.0,1.2097,1.025,0.1847,0.2124,0.2678,108.2889
220,L. VÃ¡zquez,2.0,29.0,173.0,70.0,7.181818181818182,16.0,789641,1.575,0.735,0.24,0.0,0.225,42.15,2.19,14.535,1.2,0.015,0.615,13.065,6.285,3.255,1.92,2.295,2.175,0.195,0.015,0.0,0.09,0.0,0.015,0.0,0.0,1.68,0.915,0.765,0.255,1.035,66.6667
226,M. Arambarri,2.0,25.0,175.0,74.0,5.222222222222222,20.0,16759,0.9844,0.206,0.0343,0.0,0.0458,16.9172,0.4006,4.6471,1.053,0.1602,1.2362,8.264,4.0977,1.3506,0.8928,1.7856,2.1061,0.3434,0.0229,0.0,0.0114,0.0114,0.0,0.0,0.0,1.1103,1.0416,0.0687,0.2862,0.1374,87.3667
229,M. Brozovic,2.0,28.0,181.0,68.0,7.1,48.0,872415,1.3763,0.3901,0.0975,0.0,0.1734,67.9145,1.994,9.2655,1.9181,0.2384,1.3113,8.0193,3.7495,1.2462,0.932,0.7369,1.593,0.3359,0.0108,0.0,0.0,0.0108,0.0217,0.0108,0.0,1.1595,0.997,0.1626,0.2276,0.2059,92.2778
234,M. Guendouzi,2.0,21.0,185.0,68.0,5.7272727272727275,40.5,913272,0.9021,0.2615,0.0131,0.0,0.0392,55.8512,0.6668,10.1322,1.3466,0.1961,1.2943,9.4785,5.2034,1.8565,1.242,2.6017,0.9805,0.3138,0.0131,0.0131,0.0131,0.0,0.0,0.0,0.0,1.3205,0.9675,0.353,0.2223,0.6145,76.4889
240,M. Kovacic,2.0,26.0,178.0,78.0,6.888888888888889,36.0,4180800,0.9977,0.19,0.0317,0.0,0.0792,70.4576,1.1878,12.5744,2.0113,0.095,0.7602,10.7848,6.4139,3.7375,3.0406,1.8371,0.9344,0.2217,0.0,0.0,0.0,0.0,0.0,0.0,0.0,1.3936,1.0294,0.3642,0.5543,0.4909,63.1444
243,M. Merino,2.0,24.0,188.0,83.0,7.0,24.0,114551,1.1339,0.3475,0.1463,0.0,0.0732,38.1508,0.7864,5.4318,1.7192,0.1463,1.3717,8.0654,3.9138,1.6643,1.1522,1.8289,2.5239,0.2743,0.0183,0.0,0.0549,0.0,0.0,0.0,0.0,1.1705,1.0059,0.1646,0.2378,0.2012,54.6778
244,M. Mount,2.0,21.0,178.0,70.0,5.916666666666667,40.5,917086,2.5827,0.889,0.2901,0.0,0.1778,26.6781,2.068,6.9339,0.758,0.0561,0.5334,8.7679,3.7898,1.8528,1.1603,1.2165,1.0574,0.131,0.0,0.0,0.0187,0.0,0.0187,0.0,0.0,1.1603,0.9825,0.1778,0.1965,0.262,106.8667
246,M. Pjanic,2.0,30.0,178.0,72.0,7.222222222222222,52.0,5158815,1.3099,0.3812,0.1369,0.0,0.1857,66.0508,2.1017,7.7028,0.8211,0.2248,1.6813,6.1193,2.6491,0.9091,0.694,0.9873,1.3978,0.2444,0.0098,0.0,0.0196,0.0,0.0293,0.0,0.0,1.1437,1.0362,0.1075,0.303,0.176,102.3
249,M. Rashica,2.0,24.0,177.0,73.0,5.7,28.0,283652,2.7462,1.1359,0.3495,0.0,0.1872,14.9917,1.5229,7.2275,0.5742,0.0624,0.4369,8.7878,3.9695,4.1567,2.0721,1.7975,1.086,0.0374,0.0,0.0,0.0,0.0125,0.0374,0.0,0.0,1.2483,1.0361,0.2122,0.5243,0.3495,80.1111
251,M. Roca,2.0,24.0,184.0,74.0,7.0,16.0,34822,0.8258,0.1927,0.0413,0.0,0.0413,44.2223,0.6744,8.0104,1.4176,0.4267,0.9497,5.6155,2.6839,0.9084,0.6331,0.6331,1.8718,0.2477,0.0138,0.0,0.0,0.0,0.0275,0.0,0.0,1.1286,0.991,0.1376,0.1927,0.4267,72.6556
252,M. Sabitzer,2.0,26.0,177.0,77.0,6.545454545454546,32.0,118351,2.4706,0.8235,0.2549,0.0,0.1863,31.8333,1.6765,7.2843,0.8431,0.049,0.9804,6.5294,3.0882,1.2059,0.6078,1.3039,0.8431,0.2255,0.0,0.0,0.0098,0.0,0.0,0.0,0.0,1.1569,1.0294,0.1275,0.2549,0.1471,102.0
254,M. Sanson,2.0,26.0,180.0,73.0,4.454545454545454,22.5,251099,1.4756,0.4919,0.2208,0.0,0.1004,30.7462,1.1343,5.8521,1.1142,0.0502,1.0038,9.8171,4.4368,2.2385,1.4053,1.8771,1.7466,0.2409,0.0,0.0,0.0,0.0,0.0,0.0,0.0,1.2046,1.0439,0.1606,0.5019,0.2509,99.6222
256,M. Sissoko,2.0,31.0,187.0,83.0,5.25,20.0,900662,0.791,0.2147,0.0452,0.0,0.1243,44.678,1.1977,8.6102,1.2316,0.1017,0.7119,8.6215,4.0452,2.339,1.3898,0.5763,1.3559,0.1582,0.0,0.0,0.0,0.0226,0.0,0.0,0.0,1.3333,0.9944,0.339,0.3051,0.4859,88.5
258,M. Vecino,2.0,29.0,187.0,81.0,7.1,18.5,346336,1.8119,0.6471,0.1424,0.0,0.0777,43.7834,0.893,10.1984,1.113,0.22,0.906,9.1501,4.4003,1.0095,0.6601,0.893,1.8378,0.2847,0.0,0.0129,0.0,0.0,0.0129,0.0,0.0,1.2166,1.0095,0.2071,0.2588,0.44,77.2667
259,M. Verratti,2.0,28.0,165.0,60.0,4.384615384615385,60.0,4860797,0.2082,0.0657,0.0329,0.0,0.1424,80.3798,1.26,8.0752,1.5121,0.0877,0.9533,8.1519,4.6129,1.6874,1.3806,2.2571,1.3696,0.3944,0.0219,0.0,0.0,0.0,0.0,0.0,0.0,1.1833,1.0299,0.1534,0.4273,0.2082,91.2667
261,M. de Roon,2.0,29.0,185.0,76.0,5.7272727272727275,19.0,127520,0.7875,0.2035,0.0619,0.0,0.0973,47.1589,0.8405,6.5385,1.1679,0.1681,1.5307,7.2375,3.4949,0.4601,0.3008,0.4866,1.743,0.2743,0.0088,0.0,0.0,0.0088,0.0177,0.0088,0.0,1.1237,1.0175,0.1062,0.1504,0.1416,113.0222
263,M. Ã–zil,2.0,32.0,180.0,76.0,6.545454545454546,17.5,22044600,0.9271,0.3383,0.1503,0.0,0.2255,55.5986,2.9691,10.7238,0.8143,0.0376,0.3383,7.0908,3.2823,1.9669,1.3655,1.1025,0.6765,0.1002,0.0,0.0,0.0251,0.0,0.0,0.0,0.0,1.1651,1.0398,0.1253,0.451,0.238,79.8222
266,N'Golo KantÃ©,2.0,29.0,168.0,68.0,5.571428571428571,80.0,7000127,0.7781,0.1729,0.0778,0.0,0.0519,49.2363,1.2017,8.2651,2.2997,0.1643,1.8847,10.2795,4.8588,1.928,1.3141,0.5014,1.2882,0.1297,0.0,0.0,0.0,0.0,0.0086,0.0,0.0,1.0893,1.0115,0.0778,0.1383,0.121,115.6667
268,N. Amiri,2.0,24.0,180.0,73.0,6.071428571428571,16.0,3211,2.8512,1.1371,0.1358,0.0,0.1697,51.8989,2.8852,17.2091,1.222,0.1358,1.0353,7.8408,3.8525,3.4452,1.9857,2.5797,2.1045,0.1867,0.0,0.017,0.0339,0.0,0.0,0.0,0.0,1.4256,1.0353,0.3903,0.577,0.594,58.9222
269,N. Barella,2.0,23.0,175.0,68.0,5.444444444444445,36.0,467394,1.1914,0.3315,0.1036,0.0,0.0829,37.8877,1.0464,6.009,1.295,0.0725,1.1086,9.8527,5.0248,2.1135,1.3365,1.9685,1.8338,0.3626,0.0311,0.0,0.0104,0.0311,0.0311,0.0104,0.0,1.0775,1.0153,0.0622,0.1865,0.0932,96.5222
272,N. KeÃ¯ta,2.0,25.0,172.0,64.0,6.0,33.5,1508970,2.0514,0.6838,0.2279,0.0,0.1465,52.5217,1.4327,15.3528,1.4001,0.1302,1.3676,15.6621,7.9939,4.4935,2.8491,2.0351,1.7909,0.2279,0.0326,0.0163,0.0,0.0,0.0,0.0,0.0,1.4164,1.0745,0.3419,0.521,0.7001,61.4222
273,N. Maksimovic,2.0,25.0,189.0,78.0,6.8,20.0,17836,0.8731,0.2037,0.0437,0.0,0.0146,15.7737,0.2765,5.3258,1.2369,0.3201,1.8335,5.4131,2.7502,0.5238,0.3201,0.3347,0.5966,0.1601,0.0,0.0,0.0,0.0146,0.0,0.0,0.0,1.0477,1.004,0.0437,0.0728,0.0728,68.7222
277,N. NÃ¡ndez,2.0,25.0,175.0,70.0,6.75,21.0,1097347,0.8775,0.2671,0.1335,0.0,0.0763,29.9491,0.8966,6.028,1.2209,0.0763,0.7058,9.0038,4.4447,2.1937,1.1446,1.9267,1.7359,0.4197,0.0,0.0,0.0191,0.0,0.0,0.0,0.0,1.1827,0.9729,0.2098,0.2289,0.2671,52.4222
281,N. Vlasic,2.0,23.0,178.0,79.0,5.8,17.5,92992,2.9741,1.0139,0.2704,0.0,0.2028,29.9099,2.5854,5.4074,0.8956,0.0676,0.4563,7.3676,3.5486,3.4303,2.3658,1.3181,0.8956,0.1014,0.0169,0.0,0.0,0.0,0.0676,0.0338,0.0,1.0308,1.0139,0.0169,0.169,0.0169,59.1778
285,P. Coutinho,2.0,28.0,172.0,68.0,6.666666666666667,56.0,22332490,3.4761,1.5545,0.4534,0.0,0.2915,47.9633,2.1698,9.8129,0.7125,0.0432,0.5506,9.7481,4.6743,4.3613,2.6772,1.8568,0.7341,0.0324,0.0,0.0,0.0216,0.0,0.054,0.0,0.0,1.371,1.0255,0.3454,0.6369,0.3994,92.6333
289,P. Pogba,2.0,27.0,191.0,84.0,5.833333333333333,80.0,41084974,2.7915,1.0425,0.2548,0.0,0.2896,52.7606,1.7143,9.556,1.1815,0.139,0.6486,14.0965,7.2626,3.0811,2.0965,2.0502,1.6564,0.1506,0.0116,0.0116,0.0232,0.0,0.0927,0.0232,0.0,1.1004,1.0077,0.0927,0.1622,0.1274,86.3333
290,P. Zielinski,2.0,26.0,177.0,64.0,7.0,32.0,521490,2.1496,0.6661,0.1615,0.0,0.0908,52.6497,1.645,9.4158,0.6055,0.1211,0.7165,6.1157,3.1487,2.2505,1.4936,1.3725,0.7266,0.1514,0.0,0.0,0.0101,0.0101,0.0,0.0,0.0,1.322,0.9486,0.3734,0.3028,0.434,99.0889
291,Pizzi,2.0,31.0,177.0,71.0,5.083333333333333,21.5,540211,1.7193,0.7916,0.366,0.0,0.3149,46.4895,2.5109,5.5409,0.7745,0.0766,0.4937,6.0601,2.8343,1.7704,0.9448,1.498,0.8767,0.1447,0.0,0.0,0.034,0.0,0.0936,0.034,0.0,1.1405,1.0639,0.0766,0.5618,0.1021,117.4889
292,R. Bentancur,2.0,23.0,187.0,72.0,7.111111111111111,40.0,1353548,0.8102,0.1488,0.0496,0.0,0.1488,53.0608,1.2236,12.8477,1.7196,0.248,1.6535,7.573,3.9023,1.7858,1.1574,1.0748,2.0669,0.3638,0.0165,0.0,0.0165,0.0,0.0,0.0,0.0,1.5543,0.9425,0.6118,0.1819,1.1078,60.4778
296,R. Freuler,2.0,28.0,181.0,77.0,5.5,20.0,62171,0.915,0.2903,0.0968,0.0,0.1056,48.8094,1.1261,6.1408,0.9853,0.2463,0.9765,8.6217,4.6276,1.2317,0.739,1.5572,1.2405,0.1496,0.0,0.0088,0.0088,0.0,0.0,0.0,0.0,1.0733,1.0293,0.044,0.2375,0.1496,113.6667
304,R. Neves,2.0,23.0,180.0,80.0,6.125,40.0,413959,2.152,0.4986,0.1312,0.0,0.0612,49.1203,0.7873,4.9427,1.3559,0.2274,1.8371,8.0307,3.8404,0.7786,0.5861,0.5686,0.936,0.2537,0.0087,0.0,0.0,0.0,0.0175,0.0175,0.0,1.0935,1.0323,0.0612,0.2274,0.1225,114.3111
307,R. Sessegnon,2.0,20.0,178.0,70.0,6.777777777777778,31.5,316846,1.1617,0.4928,0.2229,0.0,0.176,24.5359,1.2438,7.8383,0.5398,0.0352,0.5984,9.927,3.9309,2.4289,1.2438,0.5984,0.7744,0.0469,0.0,0.0,0.0,0.0352,0.0,0.0,0.0,1.1969,1.0091,0.1877,0.1995,0.2934,85.2222
308,R. Silva,2.0,27.0,172.0,63.0,4.454545454545454,24.0,44300,2.1296,0.9218,0.4609,0.0,0.1589,21.9795,1.3986,9.1224,1.1602,0.0477,0.7311,9.8852,4.8949,4.3387,2.4951,2.0502,1.3668,0.1907,0.0159,0.0,0.0159,0.0159,0.0,0.0,0.0,1.3827,0.9695,0.4132,0.4768,0.6357,62.9222
313,Rodri_city,2.0,24.0,191.0,82.0,6.5,64.0,11905800,0.9221,0.2758,0.0689,0.0,0.0517,69.4801,0.8187,8.4976,1.491,0.2327,1.3358,11.4795,6.7222,1.0256,0.8618,1.0773,1.8098,0.2155,0.0,0.0,0.0,0.0,0.0,0.0,0.0,1.1462,1.0083,0.1379,0.1896,0.2068,116.0333
316,S. Berge,2.0,22.0,195.0,96.0,2.6363636363636362,20.0,60393,0.1828,0.0731,0.0731,0.0,0.0122,7.5203,0.1341,4.0222,0.3169,0.0731,0.2316,0.9507,0.6338,0.3169,0.256,0.0609,0.1219,0.1097,0.0,0.0,0.0,0.0,0.0,0.0,0.0,1.1213,0.9995,0.1219,0.1828,0.1585,82.0444
318,S. Busquets,2.0,32.0,189.0,76.0,6.3,28.0,2979400,0.246,0.082,0.0246,0.0,0.0656,72.3624,0.7462,6.5762,1.312,0.1394,1.6153,8.6507,5.0592,0.7052,0.5986,1.6235,1.2956,0.3116,0.0,0.0,0.0082,0.0082,0.0,0.0,0.0,1.1152,1.0168,0.0984,0.3034,0.1558,121.9556
319,S. Chukwueze,2.0,21.0,172.0,70.0,5.0,27.0,274,2.0495,0.7525,0.2562,0.0,0.0801,15.5791,1.2329,5.9242,0.5444,0.064,0.2562,5.3478,2.4017,3.3304,1.9854,0.9287,0.5924,0.0961,0.0,0.0,0.032,0.0,0.0,0.0,0.0,1.409,0.9447,0.4643,0.3843,0.5764,62.4556
320,S. Gnabry,2.0,25.0,175.0,75.0,5.833333333333333,72.0,1641709,3.261,1.4687,0.5227,0.0,0.2738,29.8963,1.6678,10.3305,1.0579,0.0373,0.5725,8.252,3.4601,4.4558,2.1906,0.9086,0.9708,0.0249,0.0,0.0,0.0373,0.0,0.0,0.0124,0.0,1.3567,1.0704,0.2863,0.7219,0.3361,80.3444
322,S. Longstaff,2.0,23.0,181.0,65.0,5.111111111111111,17.5,57331,0.6124,0.175,0.1604,0.0,0.0292,15.4277,0.3937,7.9326,0.9041,0.1604,0.5979,4.3017,2.1436,0.5104,0.2916,0.7291,0.4666,0.1021,0.0,0.0146,0.0146,0.0,0.0,0.0,0.0,1.2103,0.9916,0.2187,0.3791,0.3937,68.5778
324,S. McTominay,2.0,24.0,193.0,88.0,5.5,22.5,1324103,1.2459,0.3757,0.1384,0.0,0.0198,41.4304,0.6131,18.174,1.4634,0.2373,1.6612,7.2577,3.9947,1.4832,1.0086,2.3533,1.503,0.1582,0.0,0.0,0.0198,0.0,0.0,0.0,0.0,1.4634,0.9888,0.4746,0.178,1.0481,50.5667
325,S. Milinkovic-Savic,2.0,25.0,191.0,76.0,7.0,64.0,470134,2.6927,0.8976,0.2537,0.0,0.1463,41.9024,1.7268,6.5756,0.8195,0.1561,1.0732,12.8195,6.0683,2.478,1.5317,1.4732,2.078,0.2829,0.0,0.0098,0.0293,0.0293,0.0,0.0098,0.0,1.1512,1.0439,0.1073,0.3024,0.1463,102.5
328,S. Serdar,2.0,23.0,184.0,75.0,7.0,20.0,56937,1.8069,0.6324,0.1807,0.0,0.0151,20.1021,0.8733,7.9655,1.5961,0.1958,1.2046,11.3836,5.481,3.5084,2.1231,1.566,1.8672,0.1656,0.0151,0.0151,0.0,0.0,0.0,0.0,0.0,1.2799,0.9788,0.3012,0.4066,0.4066,66.4111
329,S. Tonali,2.0,20.0,173.0,0.0,1.1666666666666667,31.5,182918,0.2579,0.0679,0.0814,0.0,0.0679,9.1344,0.6515,0.9908,0.3257,0.1764,0.2986,0.0,0.0,0.5293,0.4208,0.6922,0.3122,0.285,0.0,0.0,0.0,0.0136,0.0,0.0,0.0,1.0451,1.0044,0.0407,0.1357,0.095,73.6778
332,S. Ã‘Ã­guez,2.0,26.0,184.0,76.0,6.666666666666667,72.0,1268307,1.5175,0.4367,0.1332,0.0,0.0444,37.4198,0.6662,6.6697,1.3695,0.2147,1.4657,10.9409,5.7,1.8802,1.1696,0.8883,1.6508,0.2517,0.0,0.0,0.0074,0.0148,0.0,0.0074,0.0,1.0364,0.9919,0.0444,0.0592,0.0518,135.0889
333,Suso,2.0,27.0,177.0,70.0,6.0,17.5,1026005,2.6259,1.0115,0.1751,0.0,0.214,34.9146,2.6064,7.6054,0.3112,0.0195,0.4766,8.364,4.1625,3.3553,2.1007,2.1007,0.8558,0.1362,0.0097,0.0097,0.0,0.0,0.0,0.0,0.0,1.1379,1.0115,0.1264,0.389,0.2334,102.8222
337,T. Bakayoko,2.0,26.0,185.0,77.0,6.538461538461538,25.5,1136691,1.3459,0.2868,0.0552,0.0,0.0662,44.316,0.8164,11.4182,2.0299,0.2206,1.7872,13.1282,7.2702,2.758,1.8865,2.2616,1.8313,0.2096,0.0221,0.011,0.0,0.0,0.0,0.0,0.0,1.1804,1.015,0.1655,0.1434,0.3089,90.6444
338,T. Cantwell,2.0,22.0,177.0,70.0,3.0,20.0,116879,1.1163,0.3843,0.1647,0.0,0.0732,25.4372,1.0065,5.6364,1.0797,0.0549,0.6039,9.7723,4.6116,2.2509,1.3176,1.9215,0.7137,0.183,0.0,0.0,0.0,0.0183,0.0,0.0,0.0,1.2627,1.0248,0.2379,0.5856,0.6588,54.6444
341,T. Davies,2.0,22.0,180.0,70.0,6.2,16.0,122000,0.8596,0.2407,0.0688,0.0,0.0516,30.9799,0.4986,12.4126,1.4269,0.1547,1.2378,11.6046,5.0888,1.4613,1.0143,1.7536,1.6848,0.3266,0.0,0.0,0.0,0.0,0.0,0.0,0.0,1.4613,0.9628,0.4986,0.3095,1.0315,58.1667
342,T. Delaney,2.0,29.0,182.0,71.0,5.444444444444445,17.5,146261,1.2469,0.3457,0.0741,0.0,0.1358,41.1975,0.6667,6.963,1.1481,0.2346,1.9136,11.0864,6.2222,0.5556,0.2963,1.5309,2.0741,0.2593,0.0,0.0,0.0,0.0,0.0,0.0,0.0,1.1235,1.0494,0.0741,0.2593,0.1975,81.0
346,T. Kroos,2.0,30.0,183.0,76.0,6.416666666666667,48.0,24579903,1.5044,0.5142,0.1047,0.0,0.2095,73.813,2.5804,8.8457,1.0664,0.0571,0.7046,6.1035,3.5802,0.857,0.6856,1.6854,0.857,0.0952,0.0,0.0,0.0286,0.0,0.0,0.0,0.0,1.1045,1.0284,0.0762,0.2571,0.1619,105.0222
347,T. Lemar,2.0,25.0,171.0,63.0,4.666666666666667,24.0,953000,1.3993,0.4478,0.0979,0.0,0.1959,35.527,1.7351,9.0672,0.5597,0.056,0.7976,9.277,4.4216,3.4981,2.0709,1.3993,0.6716,0.1119,0.0,0.0,0.028,0.0,0.0,0.0,0.0,1.4552,1.0354,0.4198,0.5877,0.5177,71.4667
352,Thiago AlcÃ¢ntara,2.0,29.0,174.0,70.0,6.9,48.0,5049274,1.1021,0.3857,0.1323,0.0,0.1323,79.9155,1.4769,8.817,1.8075,0.0882,2.083,9.1036,5.2572,2.8876,2.2814,1.0801,1.532,0.2425,0.0,0.0,0.022,0.011,0.0,0.0,0.0,1.2013,0.9699,0.2314,0.2314,0.2755,90.7333
353,Thomas Partey,2.0,27.0,185.0,77.0,7.090909090909091,40.0,7411513,1.245,0.2755,0.1123,0.0,0.0816,48.2402,0.847,9.3378,1.5002,0.1633,1.8369,8.8581,5.1741,1.9696,1.6635,1.0818,1.4185,0.296,0.0102,0.0,0.0,0.0102,0.0,0.0,0.0,1.2757,1.0103,0.2653,0.3062,0.3776,97.9889
357,V. Rongier,2.0,26.0,172.0,66.0,4.1,16.0,170526,1.8926,0.4423,0.0617,0.0,0.1234,51.2126,1.7383,5.2251,2.2731,0.1646,1.4194,7.1589,3.4251,1.6869,1.2549,0.864,1.584,0.0823,0.0,0.0,0.0,0.0,0.0103,0.0309,0.0,1.1211,1.0183,0.1029,0.2571,0.1337,97.2222
359,W. Barrios,2.0,27.0,178.0,74.0,6.0,16.0,820996,0.311,0.0444,0.0444,0.0,0.0,42.0829,0.2962,7.3445,1.614,0.4146,2.0731,8.6772,4.9753,1.2734,0.8736,2.1323,1.5548,0.3702,0.0,0.0,0.0,0.0,0.0,0.0,0.0,1.0365,1.0217,0.0148,0.1037,0.0296,67.5333
362,W. McKennie,2.0,22.0,185.0,84.0,7.0,20.0,152427,1.1419,0.3217,0.0643,0.0,0.0965,28.4346,0.7881,8.1058,0.8685,0.3377,1.9299,10.2287,4.9535,1.4957,0.7559,0.6916,1.8978,0.2573,0.0,0.0,0.0161,0.0161,0.0,0.0,0.0,1.3831,0.9811,0.4021,0.3538,0.5147,62.1778
363,W. Ndidi,2.0,24.0,183.0,74.0,7.125,36.0,529117,1.2701,0.22,0.05,0.0,0.05,42.6547,0.5701,6.2107,3.8404,0.25,2.1702,15.6217,8.781,1.2401,0.9101,0.7401,1.5102,0.19,0.02,0.0,0.01,0.01,0.0,0.0,0.0,1.0701,1.0001,0.07,0.1,0.1,99.9889
370,Y. Tielemans,2.0,23.0,176.0,72.0,4.384615384615385,44.0,282254,1.6977,0.6011,0.1476,0.0,0.1371,38.4359,1.1705,6.6011,1.0018,0.1371,0.9807,9.6907,4.9139,1.5079,0.8858,1.4341,1.2232,0.1582,0.0,0.0,0.0,0.0,0.0105,0.0,0.0,1.2021,1.0334,0.1687,0.3058,0.2636,94.8333
