,const,position,age,height,weight,rating,follower,shots_on,goals_total,goals_assists,passes_key,tackles_blocks,tackles_interceptions,duels_won,dribbles_success,fouls_drawn,fouls_committed,cards_yellow,cards_yellowred,cards_red,games_played
34,1.0,4.0,26.0,186.0,78.0,6.857142857142858,291718,0.3239082,0.056080700000000004,0.0197974,0.36567720000000004,0.008592800000000001,0.1376716,1.5399856,0.6129648,0.6583299,0.48624039999999996,0.0473538,0.0,0.0,108.5333
49,1.0,3.0,26.0,190.0,96.0,6.416666666666668,1500587,0.06053990000000001,0.0218152,0.016348,0.0538206,0.1254938,0.4333334,1.5950525999999998,0.1547425,0.13970680000000002,0.19653550000000003,0.0307793,0.0023766000000000004,0.0,98.4
2,1.0,3.0,22.0,179.0,65.0,7.111111111111112,3118407,0.1311091,0.0990528,0.1273536,0.3364946,0.018453600000000004,0.258397,1.0520766,0.690466,0.3476127,0.1599545,0.0246048,0.0,0.0,75.7444
85,1.0,4.0,23.0,190.0,80.0,5.6,1691131,0.5281794,0.0964989,0.021658999999999998,0.3243996,0.07191800000000001,0.087329,2.0427892,0.3410316,0.6474021000000001,0.4161904,0.025685000000000003,0.0,0.0,90.8889
84,1.0,3.0,29.0,187.0,81.0,6.2727272727272725,300512,0.0233686,0.0075576,0.0151152,0.037403000000000006,0.0888196,0.3618956,0.8300079,0.037403000000000006,0.0921282,0.2072768,0.0526347,0.009879200000000001,0.0,70.8222
39,1.0,3.0,22.0,178.0,70.0,4.666666666666667,1673,0.046704100000000005,0.034893600000000004,0.011631200000000001,0.07904280000000001,0.08854000000000001,0.2150124,0.9210594,0.1078067,0.0860003,0.1290121,0.027820200000000003,0.0025397,0.0,92.1111
31,1.0,2.0,29.0,176.0,74.0,6.538461538461537,42457,0.032679299999999994,0.00399,0.0080085,0.16342559999999998,0.07580999999999999,0.71187,1.2706838,0.33913139999999997,0.37068,0.38751,0.08847,0.0042,0.0,71.2222
45,1.0,4.0,23.0,187.0,83.0,3.7857142857142856,390778,0.44335620000000003,0.0850429,0.0132818,0.2805894,0.013869900000000001,0.1525222,0.9455842,0.2581362,0.6933549,0.5338744000000001,0.034651400000000006,0.0,0.0,67.3556
145,1.0,2.0,27.0,185.0,77.0,7.090909090909091,7411513,0.0801705,0.0320055,0.023256,0.24647699999999997,0.04899,0.55107,1.6091451,0.48407849999999997,0.32454,0.42555000000000004,0.0888,0.0030600000000000002,0.0,97.9889
25,1.0,2.0,24.0,191.0,80.0,6.0,65712,0.08965709999999999,0.030381,0.010117499999999998,0.16895459999999998,0.08532,0.4692,1.0170010999999999,0.3999504,0.2346,0.45852,0.10308,0.0,0.0,84.4
29,1.0,3.0,25.0,178.0,74.0,5.0,3075710,0.0626583,0.028997600000000002,0.0797032,0.2640387,0.0503979,0.22051120000000002,1.0978599,0.3311655,0.0630032,0.23626200000000003,0.0409614,0.0,0.0,73.9667
73,1.0,3.0,25.0,195.0,97.0,6.2,625272,0.06411470000000001,0.0259424,0.0129712,0.0721249,0.0761677,0.30751340000000005,0.9942338999999999,0.040084100000000004,0.078987,0.14669680000000002,0.0140965,0.0,0.0028193000000000003,82.5889
25,1.0,3.0,31.0,190.0,83.0,4.666666666666667,561000,0.10108740000000001,0.048508,0.0181704,0.0449167,0.0606266,0.498154,1.7309481,0.09734709999999999,0.17395780000000002,0.2635696,0.0579937,0.0052658,0.0026329,88.4
13,1.0,3.0,21.0,184.0,68.0,4.363636363636363,408100,0.047001999999999995,0.022833600000000003,0.022833600000000003,0.1128379,0.0992813,0.3607539,1.1147369999999999,0.1645732,0.26478120000000005,0.2382891,0.0595781,0.0033086000000000005,0.006617200000000001,70.4
39,1.0,2.0,23.0,180.0,74.0,4.454545454545454,7020902,0.0549117,0.016131,0.0349695,0.3184995,0.05094,0.35945999999999995,1.2969322,0.568323,0.34815,0.1755,0.02265,0.00282,0.0,105.9889
90,1.0,4.0,29.0,189.0,93.0,6.142857142857142,117844,0.3799656,0.0877637,0.0197437,0.4633524,0.0400686,0.0400686,1.17344,0.2085048,0.5896342,0.53238,0.0801372,0.0,0.0057441,81.5778
46,1.0,4.0,22.0,178.0,73.0,4.875,40807990,0.628236,0.148749,0.0512298,0.5270454,0.0,0.0776154,0.8197482,0.7678692,0.42688470000000006,0.202678,0.0517436,0.0,0.0129359,108.3
45,1.0,3.0,29.0,189.0,83.0,5.5,602431,0.0557073,0.05306400000000001,0.005306400000000001,0.039322800000000005,0.1361186,0.3345414,0.9360881999999999,0.039322800000000005,0.1338119,0.20072950000000003,0.029987100000000003,0.0,0.0,100.9889
46,1.0,2.0,31.0,186.0,79.0,6.4,232800,0.21825,0.0681435,0.043377,0.5693415,0.039119999999999995,0.30978,1.1865272,0.24670979999999998,0.25761,0.3,0.03261,0.0,0.0,92.0
16,1.0,2.0,23.0,180.0,76.0,7.0,160657,0.1582749,0.0243105,0.039500999999999994,0.3227481,0.048,0.12797999999999998,1.2105986,0.2606778,0.50232,0.47031,0.07038,0.0,0.0,93.7667
73,1.0,4.0,32.0,184.0,80.0,6.8,17410571,0.7600824,0.1728245,0.0257044,0.437346,0.003736,0.1080638,1.4014115999999999,0.4735584,0.6819134,0.5105244,0.059635900000000006,0.0,0.0,125.3222
143,1.0,2.0,25.0,171.0,63.0,4.666666666666667,953000,0.13030979999999998,0.0279015,0.05583149999999999,0.5049141,0.0168,0.23928,1.3751175999999998,0.6026319,0.41979,0.20148,0.033569999999999996,0.0,0.0,71.4667
146,1.0,2.0,26.0,172.0,66.0,4.1,170526,0.1287093,0.0175845,0.035169,0.5058452999999999,0.04938,0.42582,1.0652061,0.36517589999999994,0.25920000000000004,0.4752,0.02469,0.0,0.0,97.2222
80,1.0,3.0,21.0,183.0,82.0,6.2857142857142865,574586,0.10052470000000001,0.0428264,0.0514024,0.5501882,0.0819228,0.22717500000000002,1.8354225,0.4549595,0.3239865,0.2532244,0.029800700000000006,0.0,0.0,62.5667
46,1.0,3.0,23.0,178.0,70.0,3.0625,587798,0.0141337,0.028622400000000003,0.028622400000000003,0.134386,0.0074792999999999995,0.11202640000000001,0.2913345,0.12730260000000002,0.0522852,0.054755,0.0199215,0.0,0.0,93.6
29,1.0,4.0,23.0,175.0,73.0,6.666666666666668,14298157,0.6929874,0.12941699999999998,0.0392905,0.5514642000000001,0.0180729,0.2291102,1.7741331999999999,0.6051402,0.6029437,0.5547026,0.066314,0.0,0.0,77.4556
33,1.0,2.0,24.0,183.0,74.0,7.0,518657,0.11660369999999999,0.033003,0.022828499999999998,0.3446313,0.04008,0.23507999999999998,1.1548363,0.33168179999999997,0.30185999999999996,0.46214999999999995,0.06677999999999999,0.0,0.0,112.3
141,1.0,2.0,29.0,182.0,71.0,5.4444444444444455,146261,0.1005987,0.0211185,0.038703,0.19400969999999998,0.07038,0.5740799999999999,1.9351042,0.0862233,0.45926999999999996,0.62223,0.07778999999999998,0.0,0.0,81.0
27,1.0,4.0,26.0,177.0,73.0,5.0,1974850,0.3705534,0.0562776,0.033115,0.6082398,0.0,0.37140510000000004,1.6420439999999998,0.9228491999999999,0.3627656,0.3800446,0.051837,0.0,0.0,54.0667
27,1.0,2.0,26.0,184.0,82.0,4.6923076923076925,2823284,0.11092919999999999,0.048278999999999996,0.020120999999999997,0.238329,0.07626,0.36851999999999996,1.8399382,0.34925819999999996,0.38123999999999997,0.49982999999999994,0.11435999999999999,0.0,0.004229999999999999,70.8222
34,1.0,2.0,28.0,184.0,82.0,7.333333333333332,148036,0.25782599999999994,0.0703095,0.09268199999999999,0.7114659,0.03027,0.22205999999999998,1.0010157,0.5841824999999999,0.32298,0.30617999999999995,0.047099999999999996,0.0,0.0033599999999999997,89.1667
78,1.0,2.0,21.0,188.0,83.0,6.4,767485,0.26964059999999995,0.108414,0.058367999999999996,0.4484601,0.01464,0.13460999999999998,1.3468788,0.42291029999999996,0.46232999999999996,0.28092,0.02634,0.0,0.0,102.5222
65,1.0,3.0,21.0,180.0,70.0,3.727272727272727,36511,0.0131407,0.014204,0.0070752,0.070172,0.05247160000000001,0.4351974,0.9954458999999999,0.0833127,0.1790139,0.17593830000000002,0.021599100000000003,0.0,0.0,75.4889
72,1.0,3.0,27.0,177.0,67.0,6.363636363636362,3011108,0.027671599999999998,0.006378400000000001,0.0383776,0.1936019,0.038934300000000005,0.2725634,1.4105256,0.5689228000000001,0.3420906,0.3142704,0.047275700000000004,0.0,0.0,83.7778
115,1.0,2.0,25.0,175.0,70.0,6.75,1097347,0.07772609999999999,0.0380475,0.0217455,0.2609106,0.02289,0.21173999999999998,1.3823017,0.3330786,0.57801,0.52077,0.12591,0.0,0.0,52.4222
23,1.0,2.0,26.0,181.0,78.0,6.0,107659,0.09838709999999999,0.013281,0.029896499999999996,0.3019416,0.02097,0.34275,1.4937641,0.38336339999999997,0.31128,0.25529999999999997,0.04548,0.0,0.0,85.7778
35,1.0,4.0,24.0,175.0,72.0,3.5,55040,0.316008,0.0424946,0.029552899999999997,0.5696082,0.024097200000000003,0.3663148,1.1951718,0.5110938,0.7856341,0.3470277,0.0289073,0.0,0.0,96.8889
147,1.0,2.0,27.0,178.0,74.0,6.0,820996,0.0129204,0.012654,0.0,0.0861942,0.12438,0.62193,1.5473183,0.2542176,0.63969,0.46643999999999997,0.11105999999999999,0.0,0.0,67.5333
86,1.0,3.0,28.0,189.0,78.0,5.25,554634,0.057527800000000004,0.0539216,0.029426400000000002,0.0756997,0.1257501,0.3687225,0.6568737,0.06964240000000001,0.0767269,0.1342779,0.0234398,0.0,0.0,109.3222
76,1.0,2.0,29.0,181.0,68.0,7.083333333333332,11099793,0.2867514,0.0789735,0.14335499999999998,1.0095953999999998,0.027719999999999998,0.23403,1.471652,0.5406489,0.3264,0.27404999999999996,0.03387,0.0,0.0,97.4222
4,1.0,2.0,23.0,180.0,67.0,6.7142857142857135,1019540,0.1560633,0.04542899999999999,0.037192499999999996,0.49772639999999996,0.00435,0.18264,1.6138412,0.7170821999999999,1.06104,0.27831,0.03915,0.0,0.0,68.9889
44,1.0,4.0,21.0,173.0,68.0,2.0,197203,0.0067662,0.035334599999999994,0.0,0.067851,0.0083593,0.0586552,0.069287,0.14246820000000002,0.0251246,0.0921858,0.0754205,0.0083593,0.0,55.7111
40,1.0,2.0,27.0,188.0,78.0,5.307692307692308,1820950,0.051507,0.0280155,0.019607999999999997,0.22322609999999998,0.04130999999999999,0.37766999999999995,2.076858,0.1917399,0.42485999999999996,0.44553000000000004,0.08556,0.0,0.0,101.6778
34,1.0,3.0,27.0,173.0,62.0,4.9,524771,0.102941,0.06898320000000001,0.1264424,0.5679629,0.0149819,0.34982620000000003,1.3712870999999998,0.7667615,0.4547927,0.3123598,0.05247160000000001,0.0049862,0.0024931,93.2444
62,1.0,2.0,23.0,172.0,68.0,3.5,1287,0.15207659999999998,0.0586815,0.027075,0.32260259999999996,0.0,0.07602,1.4578747,1.3318488,0.49409999999999993,0.11876999999999999,0.0,0.0,0.0,63.1444
16,1.0,3.0,25.0,186.0,81.0,7.0,1835812,0.0553763,0.0403608,0.0089512,0.0387601,0.0974639,0.2592824,1.1788215,0.09969720000000001,0.17349180000000003,0.3021544,0.058483,0.0038911,0.0019572,119.5222
142,1.0,2.0,30.0,183.0,76.0,6.416666666666668,24579903,0.1496322,0.029839499999999998,0.05970749999999999,0.7508963999999999,0.01713,0.21137999999999998,1.1134422,0.19950959999999998,0.50562,0.2571,0.028560000000000002,0.0,0.0,105.0222
45,1.0,2.0,24.0,177.0,68.0,5.8181818181818175,1173967,0.23099579999999997,0.08227949999999999,0.0342855,0.35699879999999995,0.025259999999999998,0.20568,1.7505568,0.640491,0.6530699999999999,0.37887,0.07937999999999999,0.0036,0.0,83.1444
18,1.0,4.0,21.0,0.0,0.0,3.0,13330,0.1253826,0.0174704,0.0349229,0.5163479999999999,0.054685700000000004,0.3280675,1.8831395999999998,0.7081452,0.33717400000000003,0.3280675,0.054685700000000004,0.0,0.0,51.2444
29,1.0,2.0,29.0,179.0,78.0,5.909090909090909,122997,0.2534901,0.10114649999999999,0.06896999999999999,0.6713079,0.00969,0.1113,1.1689557000000002,0.568032,0.44522999999999996,0.23714999999999997,0.00483,0.0,0.00483,61.9889
79,1.0,4.0,23.0,179.0,71.0,6.888888888888888,2605823,0.323757,0.057960199999999996,0.016826,0.3435264,0.029280900000000006,0.2682915,2.298244,0.5685876,1.1658655000000002,0.4878282,0.0731789,0.0,0.0048568,95.7333
116,1.0,2.0,23.0,178.0,79.0,5.8,92992,0.2950449,0.07706399999999998,0.057797999999999995,0.7523513999999999,0.020279999999999996,0.13688999999999998,1.1036146,0.6884477999999999,0.39543,0.26868,0.03042,0.005069999999999999,0.0,59.1778
71,1.0,4.0,29.0,181.0,76.0,6.0769230769230775,13194716,0.45284399999999997,0.0779724,0.050979199999999995,0.6491772,0.0273662,0.1682134,1.8141228,0.6555276,0.2660499,0.590755,0.011721700000000002,0.0,0.0,119.3667
94,1.0,3.0,29.0,193.0,92.0,5.133333333333334,9310129,0.11320200000000001,0.0541896,0.020850399999999998,0.0849015,0.0833208,0.271678,1.8041831999999998,0.0385946,0.1630068,0.1050597,0.0144926,0.0,0.0,128.6444
119,1.0,2.0,26.0,177.0,64.0,7.0,521490,0.19383509999999998,0.0460275,0.025877999999999998,0.478695,0.03633,0.21495,0.9792457,0.43463759999999996,0.41175,0.21798,0.04542,0.0,0.0,99.0889
137,1.0,2.0,27.0,177.0,70.0,6.0,1026005,0.2943465,0.049903499999999996,0.060989999999999996,0.7584623999999999,0.00585,0.14298,1.2945375,0.6113036999999999,0.6302099999999999,0.25673999999999997,0.040859999999999994,0.00291,0.00291,102.8222
69,1.0,3.0,24.0,189.0,78.0,6.0,56757,0.038396,0.031088,0.015544,0.08635790000000002,0.07430370000000001,0.394003,1.1506425,0.1599061,0.1576012,0.1305732,0.027028,0.0,0.0,103.4889
22,1.0,2.0,29.0,188.0,83.0,4.2,343156,0.0808689,0.022172999999999995,0.015846,0.10999799999999997,0.04667999999999999,0.35351999999999995,1.3172094,0.1617378,0.35351999999999995,0.34017,0.056699999999999987,0.0,0.0,89.9556
83,1.0,4.0,26.0,190.0,82.0,5.181818181818182,123480,0.3595914,0.0792075,0.0376258,0.47669580000000006,0.0361458,0.1859594,4.0051746,0.3554334,0.8523684,0.831727,0.0465132,0.0,0.0,90.4
148,1.0,2.0,22.0,185.0,84.0,7.0,152427,0.0936147,0.018325499999999998,0.0275025,0.2293371,0.10131,0.57897,1.5405385,0.2199669,0.20748,0.56934,0.07719,0.0,0.0,62.1778
23,1.0,3.0,25.0,180.0,73.0,3.5,1135175,0.058355300000000006,0.0189208,0.050384000000000005,0.37737309999999996,0.032853,0.2629172,1.5349979999999999,0.6147001,0.3532979,0.24374130000000002,0.032853,0.0027494,0.0,85.0778
78,1.0,3.0,26.0,183.0,76.0,6.222222222222222,66299,0.12174180000000001,0.09492560000000001,0.06571360000000001,0.3111069,0.0349034,0.3205614,1.1556723,0.202903,0.2824892,0.2443937,0.028565800000000002,0.0,0.0,73.4111
128,1.0,2.0,32.0,189.0,76.0,6.3,2979400,0.023861999999999994,0.007011,0.018696,0.21714419999999998,0.041819999999999996,0.48458999999999997,1.5734112,0.1741926,0.48705,0.38868,0.09348,0.0,0.0,121.9556
15,1.0,3.0,31.0,178.0,76.0,6.538461538461537,896732,0.05143740000000001,0.030284000000000002,0.0643736,0.2735053,0.11188660000000002,0.36201210000000006,1.3973148,0.0701389,0.09709110000000001,0.21554830000000003,0.0181041,0.0,0.0,141.6
55,1.0,2.0,23.0,175.0,70.0,4.2,1703476,0.0197298,0.006440999999999999,0.019322999999999996,0.1742799,0.04746,0.30506999999999995,0.8504295000000001,0.39785519999999996,0.2712,0.2712,0.07119,0.0,0.0,88.5
62,1.0,3.0,29.0,186.0,82.0,6.4,43758,0.1245222,0.056708800000000004,0.0819008,0.5291697000000001,0.0274008,0.3861975,1.4532486,0.2918427,0.1698104,0.20268670000000003,0.04107790000000001,0.0027494,0.0,85.0667
57,1.0,3.0,25.0,187.0,91.0,5.181818181818182,231334,0.0221108,0.0153296,0.0102376,0.053688200000000005,0.0622576,0.22237520000000002,0.6448748999999999,0.0758321,0.1356526,0.1045238,0.0222282,0.0,0.0,104.7778
16,1.0,4.0,24.0,178.0,68.0,5.6,190719,0.4174254,0.07870629999999999,0.023789099999999997,0.456057,0.004763400000000001,0.2005298,2.4944092,0.9160073999999999,1.0457531,0.7592486,0.12412859999999999,0.004763400000000001,0.0,97.8
75,1.0,4.0,29.0,179.0,67.0,7.454545454545454,5333408,0.494613,0.06635529999999999,0.0702575,0.8284626,0.0152709,0.28005990000000003,1.9234380000000002,0.8243424,0.6823337,0.3309629,0.0203612,0.0,0.0,91.7111
14,1.0,3.0,24.0,186.0,76.0,5.25,1705469,0.052099400000000004,0.024816800000000003,0.024816800000000003,0.1378946,0.08196940000000001,0.4012027,1.0041723,0.094997,0.13588560000000002,0.19627920000000001,0.028029900000000003,0.0,0.0,108.0222
43,1.0,2.0,24.0,179.0,68.0,6.1818181818181825,459148,0.20559149999999998,0.062928,0.0587385,0.4240161,0.0,0.15011999999999998,1.8812701,0.7280819999999999,0.8565900000000001,0.38415,0.03531,0.0,0.0,67.9444
24,1.0,2.0,21.0,185.0,76.0,5.7,238354,0.045134099999999996,0.006327,0.009462,0.1031886,0.10638,0.55848,1.6541779,0.23538989999999996,0.04323,0.18615,0.03324,0.0,0.0,90.2444
44,1.0,3.0,29.0,195.0,89.0,6.454545454545454,1443167,0.0594145,0.0336608,0.014418400000000001,0.09506320000000001,0.1568556,0.3053465,1.0878609,0.12478700000000001,0.1003764,0.2969818,0.0627469,0.0020970000000000003,0.004194000000000001,111.4111
4,1.0,4.0,29.0,175.0,73.0,5.75,3141100,0.44842139999999997,0.09277569999999999,0.0371067,0.5093928,0.0268992,0.1721362,2.0495442,0.5137398,0.769149,0.7906777,0.0591689,0.0,0.0053705,86.8222
1,1.0,3.0,25.0,171.0,67.0,5.090909090909091,453600,0.11558520000000001,0.03484,0.1001248,0.4919322,0.0246048,0.3008729,1.0802555999999999,0.4301014000000001,0.2062516,0.12111340000000001,0.0264921,0.0,0.0,123.1333
30,1.0,2.0,27.0,175.0,70.0,7.166666666666668,501782,0.19048859999999998,0.058624499999999996,0.058624499999999996,0.5442572999999999,0.00561,0.36471,2.1521822,0.8109588,0.43767,0.26934,0.02244,0.0,0.0,53.4667
61,1.0,4.0,23.0,180.0,70.0,6.615384615384616,8377022,0.5383854,0.0886766,0.036945599999999995,0.4642596,0.0048101,0.12048600000000001,1.7888012,0.7256466,0.674815,0.44341650000000005,0.0722916,0.0,0.0048101,96.8889
67,1.0,4.0,24.0,173.0,69.0,3.7777777777777777,30993,0.5184648,0.0891241,0.0272796,0.44551080000000004,0.004763400000000001,0.10437450000000001,1.4118722000000001,0.31876740000000003,0.740195,0.6785043000000001,0.10437450000000001,0.0,0.0,98.4222
79,1.0,2.0,30.0,178.0,67.0,5.9230769230769225,170960,0.07790069999999999,0.0190665,0.038133,0.35437979999999997,0.00804,0.30111,0.640971,0.2064063,0.07629000000000001,0.23687999999999998,0.04014,0.0,0.0,74.7222
59,1.0,3.0,29.0,184.0,70.0,7.0,6684354,0.054813600000000004,0.0253528,0.0063248,0.08222040000000001,0.12402590000000001,0.4079364,1.4803368000000001,0.19188070000000002,0.2701169,0.23705420000000002,0.046856300000000004,0.0,0.0,84.5333
48,1.0,2.0,28.0,185.0,82.0,5.538461538461538,2041052,0.09457499999999999,0.0170715,0.031692,0.33351509999999995,0.08979,0.2925,1.4576258999999998,0.1468386,0.39771,0.5105999999999999,0.10008,0.0,0.0,116.9222
70,1.0,2.0,28.0,175.0,62.0,6.428571428571429,6670002,0.22965719999999998,0.078717,0.0412395,0.4057413,0.02367,0.10260000000000001,1.1168320999999999,0.2717649,0.42224999999999996,0.52089,0.06708,0.0,0.0,76.0222
84,1.0,2.0,25.0,178.0,67.0,4.5,1035,0.0674538,0.019265999999999995,0.0,0.0618375,0.06084,0.27527999999999997,1.0393309,0.10961969999999999,0.08111999999999998,0.17964,0.04347,0.0,0.00579,103.5333
127,1.0,2.0,22.0,195.0,96.0,2.636363636363636,60393,0.0212721,0.020833499999999998,0.003477,0.0390231,0.021929999999999998,0.06948,0.1971118,0.07449599999999999,0.01827,0.03657,0.03291,0.0,0.0,82.0444
40,1.0,4.0,23.0,190.0,84.0,4.0,217,0.47968200000000005,0.0939929,0.0052268,0.3308256,0.0204546,0.06813530000000001,2.5393396,0.44108820000000004,0.6062594,0.5994412000000001,0.034044300000000007,0.006818200000000001,0.006818200000000001,68.5556
57,1.0,2.0,30.0,180.0,80.0,7.166666666666668,2798933,0.1483518,0.0493905,0.0552045,0.5221994999999999,0.030599999999999995,0.36093000000000003,1.0749404,0.3115446,0.26613,0.22329,0.05199,0.0,0.0,98.0778
13,1.0,4.0,28.0,180.0,66.0,5.111111111111111,292000,0.312228,0.0728172,0.0242724,0.37282139999999997,0.051837,0.0690693,1.3896000000000002,0.2703078,0.5412063,0.7427168000000001,0.0690693,0.0,0.0,81.1111
12,1.0,3.0,27.0,181.0,76.0,7.090909090909091,266366,0.0398524,0.014311200000000001,0.057352,0.38952080000000006,0.0841363,0.24926340000000002,1.5154545,0.1283618,0.1807148,0.24926340000000002,0.0280532,0.0,0.0,74.7778
68,1.0,2.0,22.0,175.0,67.0,3.5,150264,0.1508253,0.033231,0.0627855,0.4298361,0.015539999999999998,0.06609,0.8019135,0.7088469000000001,0.24489,0.26043,0.03888,0.0,0.0,77.1778
3,1.0,4.0,29.0,177.0,73.0,6.777777777777778,351898,0.5273478,0.0944941,0.031504000000000004,0.7173684,0.0176059,0.12912550000000003,0.7519666,0.3657906,0.42847250000000003,0.1584531,0.0469335,0.0,0.0,79.5667
20,1.0,2.0,23.0,170.0,76.0,4.583333333333333,1773988,0.24359609999999998,0.045884999999999995,0.0596505,0.3419541,0.02415,0.07245,1.4768457000000001,0.3981753,0.75336,0.16419,0.02415,0.0,0.0,62.1222
30,1.0,3.0,27.0,194.0,100.0,6.5,1885986,0.0878474,0.031141600000000002,0.0266928,0.1427603,0.12367640000000002,0.3111016,1.7062536,0.26079490000000005,0.15652939999999999,0.1893824,0.0405886,0.0,0.0019339000000000001,120.5778
24,1.0,4.0,26.0,185.0,77.0,6.4,2294890,0.33706260000000005,0.0319157,0.0354778,0.6366653999999999,0.0,0.27763150000000003,1.5603278,0.629181,0.9438537000000001,0.6570223000000001,0.1387924,0.0,0.0092466,50.4667
30,1.0,4.0,25.0,173.0,72.0,4.428571428571429,216031,0.250992,0.0422977,0.0261877,0.476469,0.0105075,0.31008800000000003,1.6855076,0.8975988,0.7936198000000001,0.4730243,0.0578146,0.0052771,0.0052771,88.8556
77,1.0,4.0,26.0,170.0,69.0,6.6923076923076925,7015127,0.4392738,0.10036529999999999,0.04654,0.7464366,0.0189602,0.2466694,1.8444238,0.9154026,0.7134826000000001,0.5730557000000001,0.06832210000000001,0.0037827,0.0,123.0556
93,1.0,3.0,26.0,187.0,80.0,6.384615384615384,1737260,0.009599,0.015544,0.010344800000000001,0.0608378,0.1126788,0.21184360000000002,1.0052328,0.07682510000000001,0.07663370000000001,0.1532441,0.020271,0.0,0.0,103.3889
89,1.0,3.0,25.0,185.0,80.0,4.9,38180,0.10823700000000001,0.0637304,0.047811200000000005,0.33947360000000004,0.041567200000000006,0.2735886,1.1709737999999998,0.2459992,0.13851850000000002,0.2354931,0.038095500000000004,0.0,0.0,67.2778
125,1.0,2.0,27.0,172.0,63.0,4.454545454545454,44300,0.2682438,0.1313565,0.0452865,0.4069926,0.01431,0.21933,1.5223138999999999,0.7260741,0.6150599999999999,0.41004,0.05721,0.00477,0.0,62.9222
59,1.0,2.0,32.0,184.0,78.0,7.111111111111112,17552517,0.12169619999999999,0.023825999999999996,0.047680499999999994,0.23797979999999996,0.05019,0.45441,1.135772,0.17305769999999998,0.4572,0.29270999999999997,0.05019,0.0027899999999999995,0.0,107.6111
35,1.0,2.0,23.0,183.0,74.0,7.142857142857142,46916,0.2283768,0.0513285,0.040327499999999995,0.31823759999999995,0.02316,0.27404999999999996,1.2044408,0.4567827,0.54426,0.34353,0.07335,0.0,0.0,77.7222
19,1.0,4.0,33.0,169.0,61.0,6.583333333333332,1675015,0.5351724,0.0952638,0.0467369,0.8236620000000001,0.0,0.1594338,0.891467,0.34541639999999996,0.5017448,0.5486316000000001,0.060943500000000005,0.0,0.0,99.5889
104,1.0,2.0,26.0,180.0,73.0,4.454545454545454,251099,0.1431429,0.062928,0.028613999999999997,0.3300813,0.01506,0.30114,1.3798447999999999,0.4089423,0.56313,0.52398,0.07227,0.0,0.0,99.6222
139,1.0,2.0,22.0,177.0,70.0,3.0,116879,0.11183129999999998,0.0469395,0.020862,0.29289149999999997,0.01647,0.18117,1.4342076000000001,0.38342160000000003,0.57645,0.21411,0.0549,0.0,0.0,54.6444
87,1.0,3.0,31.0,187.0,90.0,5.833333333333332,2109843,0.0399517,0.0049848,0.014954400000000001,0.0891383,0.16657170000000002,0.16657170000000002,0.8355830999999999,0.021515000000000003,0.0237893,0.1081819,0.03029,0.0,0.0,107.7
112,1.0,2.0,23.0,175.0,68.0,5.4444444444444455,467394,0.0964665,0.029525999999999997,0.023626499999999998,0.3045024,0.02175,0.33258,1.5627128,0.3889215,0.5905499999999999,0.55014,0.10877999999999999,0.00933,0.0,96.5222
80,1.0,4.0,29.0,182.0,77.0,7.111111111111112,361722,0.4154598,0.0717074,0.040454,0.50085,0.024003800000000002,0.17750670000000002,1.5145868,0.5319216,0.6667826,0.44612510000000005,0.06715460000000001,0.0048101,0.0048101,97.3556
51,1.0,4.0,33.0,170.0,72.0,8.222222222222221,154554857,1.0232459999999999,0.1764761,0.0777755,1.0358712,0.0,0.09755630000000001,2.357495,1.9233395999999998,1.0378608,0.26530270000000006,0.0585151,0.0,0.0,119.6889
2,1.0,4.0,29.0,176.0,73.0,6.666666666666668,30243196,0.4670568,0.0939571,0.0404719,0.5739174,0.015084100000000001,0.1923573,1.1160032,0.2717064,0.49030330000000005,0.2828619,0.0792032,0.0,0.0037827,123.8222
11,1.0,4.0,35.0,187.0,83.0,6.1818181818181825,222106900,0.8882622,0.1553004,0.032363199999999995,0.5466257999999999,0.0295611,0.11394800000000001,1.2454676,0.5944428,0.6331119,0.3123296,0.037967100000000004,0.0,0.004203000000000001,110.6444
9,1.0,3.0,23.0,183.0,72.0,5.7,1629273,0.0041706,0.0,0.04062880000000001,0.2217038,0.11188660000000002,0.5152795,1.9604403000000001,0.5563117000000001,0.1148224,0.1413378,0.032387000000000006,0.0,0.0029358,79.1333
49,1.0,2.0,22.0,175.0,70.0,4.75,348189,0.19168169999999998,0.059963999999999996,0.06258599999999999,0.37006469999999997,0.03294,0.27447,1.4198394,0.7321559999999999,0.49130999999999997,0.258,0.02745,0.0,0.0,109.3
86,1.0,4.0,27.0,174.0,69.0,6.375,702956,0.31271940000000004,0.05749479999999999,0.054004300000000005,0.8572283999999999,0.0091065,0.3363334,1.6267197999999998,0.6695892,0.7408955,0.4181518,0.027272800000000003,0.0,0.0,102.7444
10,1.0,4.0,23.0,185.0,70.0,3.375,59800,0.2059344,0.049887299999999996,0.0181506,0.3448116,0.041422900000000006,0.1597607,1.6822266000000001,0.2777544,0.7572872,0.44374340000000007,0.0473538,0.0,0.0,78.9333
65,1.0,2.0,25.0,186.0,83.0,3.888888888888889,44473,0.0870672,0.013451999999999999,0.017955,0.1603992,0.06615,0.44409,1.9737615,0.3207984,0.31182000000000004,0.41103,0.03306,0.0,0.0,63.5
134,1.0,2.0,23.0,184.0,75.0,7.0,56937,0.18402839999999998,0.0514995,0.0043035,0.2541303,0.05874,0.36138,1.704591,0.6178220999999999,0.46979999999999994,0.56016,0.049679999999999995,0.00453,0.00453,66.4111
58,1.0,4.0,29.0,183.0,83.0,4.7,428775,0.45397799999999994,0.0849534,0.0381449,0.3477978,0.0361925,0.1537831,1.2711752,0.35513100000000003,0.7011071000000001,0.5699268,0.0497355,0.0,0.0,103.2444
41,1.0,4.0,33.0,179.0,74.0,6.125,1198681,0.4519746,0.10791909999999999,0.0197795,0.3494232,0.0281601,0.0469335,1.330349,0.2051028,0.2580642,0.32377110000000003,0.0422168,0.0,0.0046700000000000005,99.5222
14,1.0,4.0,26.0,183.0,72.0,4.142857142857143,123675,0.4145904,0.05353889999999999,0.024540899999999997,0.7019838,0.017465800000000004,0.3841542,1.5972294,0.522963,1.1000652,0.8497999,0.1105856,0.0,0.017465800000000004,80.2333
60,1.0,3.0,24.0,189.0,78.0,5.8181818181818175,72468,0.0501134,0.040575200000000006,0.0,0.035086,0.17992260000000002,0.275173,0.8946377999999999,0.1202854,0.18344090000000002,0.23989680000000002,0.07409400000000001,0.0035183000000000002,0.0035183000000000002,66.0444
50,1.0,4.0,23.0,179.0,72.0,7.0,163301,0.6365142,0.1022627,0.018830799999999998,0.3921372,0.028066700000000003,0.17554530000000002,1.5553484,0.5171796000000001,1.3340789000000002,0.9829883000000001,0.14042690000000002,0.0,0.007005,66.5111
19,1.0,2.0,24.0,188.0,76.0,6.461538461538463,7285080,0.2082105,0.07945799999999999,0.0768075,0.4651053,0.05019,0.20073,1.5548445000000002,0.40021229999999997,0.50181,0.29829,0.05019,0.0,0.0,107.6111
91,1.0,2.0,24.0,168.0,64.0,7.0,1267083,0.0807525,0.0273885,0.015219,0.2639952,0.07044,0.5379,1.8620192,0.22360439999999998,0.7332,0.38742000000000004,0.05442,0.0,0.0032099999999999997,93.7
131,1.0,2.0,23.0,181.0,65.0,5.111111111111111,57331,0.05092499999999999,0.04571399999999999,0.008322,0.1145667,0.048119999999999996,0.17937,0.6666596,0.0848556,0.21872999999999998,0.13998,0.030629999999999998,0.0,0.00438,68.5778
90,1.0,2.0,24.0,186.0,77.0,7.222222222222222,378548,0.22651439999999998,0.036309,0.084702,0.8237045999999999,0.01698,0.35667,1.2148592999999999,0.3459699,0.43734,0.47556,0.06795,0.00426,0.00426,70.6556
144,1.0,2.0,29.0,174.0,70.0,6.9,5049274,0.11223869999999998,0.037705499999999996,0.037705499999999996,0.4297779,0.02646,0.6249,1.6349892,0.6638874,0.32403,0.4595999999999999,0.07275,0.0,0.0,90.7333
28,1.0,3.0,33.0,194.0,85.0,7.0,18268574,0.0651077,0.0464176,0.004234400000000001,0.05991100000000001,0.1375166,0.2237033,1.0205949,0.0937723,0.11552140000000001,0.1778722,0.062350800000000005,0.0018407000000000002,0.0,127.0667
32,1.0,2.0,25.0,187.0,74.0,4.9,23993,0.0709167,0.0138795,0.0277875,0.2836959,0.051179999999999996,0.62154,1.6145876000000001,0.265974,0.52281,0.39852,0.07677,0.0,0.0,82.0556
71,1.0,2.0,24.0,175.0,73.0,5.8,788064,0.2220039,0.08022749999999998,0.0465975,0.8404079999999999,0.010889999999999999,0.12804,1.9968687999999999,0.5708546999999999,0.90999,0.29424,0.043590000000000004,0.0027300000000000002,0.0,110.1111
62,1.0,4.0,31.0,180.0,71.0,5.090909090909091,8519824,0.4869018,0.1013498,0.040543499999999996,0.5618214,0.039648300000000004,0.24456790000000003,1.1638286,0.4066524,0.5817419,0.5685258000000001,0.0462797,0.0,0.006631400000000001,70.6444
60,1.0,2.0,23.0,180.0,79.0,6.857142857142858,20695,0.0321846,0.007011,0.017527499999999998,0.08584499999999999,0.09956999999999999,0.37614,1.1429871999999999,0.24321779999999998,0.19175999999999999,0.4167,0.07743,0.0036899999999999997,0.0,81.3556
86,1.0,2.0,29.0,186.0,80.0,5.222222222222221,120595,0.1478571,0.06951149999999999,0.014477999999999998,0.3489381,0.09756,0.58836,1.6116952999999998,0.1507962,0.29571,0.5487299999999999,0.08841,0.0,0.0030600000000000002,98.4111
35,1.0,3.0,25.0,172.0,66.0,6.888888888888888,236227,0.0358473,0.004824000000000001,0.0290512,0.28088660000000004,0.0378625,0.2923917,1.2911435999999998,0.3436442,0.3449798,0.2187637,0.0652167,0.0,0.0,110.7667
92,1.0,3.0,29.0,190.0,82.0,4.230769230769232,1155895,0.0851001,0.07579040000000001,0.068876,0.2850572,0.0329462,0.2126358,0.7127165999999999,0.1659303,0.0419167,0.28451630000000006,0.0449224,0.0,0.0,77.8
23,1.0,4.0,29.0,175.0,74.0,6.416666666666668,26855201,0.431109,0.0710093,0.0514804,1.1058768,0.0,0.1435558,2.962936,1.8406331999999999,1.4866945,0.22229200000000002,0.0277865,0.0,0.0,100.8333
120,1.0,2.0,31.0,177.0,71.0,5.083333333333333,540211,0.23035559999999997,0.10430999999999999,0.08974649999999999,0.7306718999999999,0.02298,0.14811,0.8814673,0.2749368,0.4494000000000001,0.26301,0.04341,0.0,0.0,117.4889
91,1.0,3.0,24.0,186.0,76.0,4.307692307692308,417950,0.0763617,0.0343576,0.006860800000000001,0.093342,0.0776589,0.27179450000000005,1.4448858,0.12730260000000002,0.17025310000000002,0.2568592,0.0358354,0.0,0.0,78.0111
43,1.0,4.0,33.0,185.0,81.0,7.090909090909091,34233539,0.5232276,0.0965347,0.04666529999999999,0.6489504,0.008406000000000002,0.11754389999999999,0.9853422000000001,0.4994514,0.2350411,0.2938364,0.004203000000000001,0.0,0.0,111.2556
19,1.0,3.0,28.0,173.0,73.0,7.0,4956744,0.0907271,0.0108808,0.1033944,0.49057510000000004,0.0875148,0.33349290000000004,1.1780337,0.3864094,0.2601678,0.3689788,0.0875148,0.0,0.0023766000000000004,98.5111
43,1.0,3.0,28.0,185.0,81.0,2.7,23274,0.057130600000000004,0.0205824,0.0102912,0.06984100000000001,0.3083522,0.3172761,2.1298779,0.09522870000000001,0.185468,0.2189734,0.049163000000000005,0.0,0.0,104.2778
0,1.0,4.0,27.0,181.0,72.0,5.25,740918,0.39833640000000003,0.0793328,0.0176315,0.3611412,0.045999500000000006,0.12417530000000002,2.1935994,0.3759966,1.3338454,0.7957213000000001,0.0505761,0.0,0.0,101.5333
81,1.0,2.0,28.0,176.0,77.0,6.363636363636362,2099960,0.0977178,0.0352545,0.040298999999999995,0.5554899,0.02916,0.29958,1.1131001,0.14145509999999997,0.40032,0.24921,0.05037,0.00264,0.0,113.1556
11,1.0,2.0,29.0,173.0,73.0,6.909090909090909,473238,0.06352529999999999,0.017783999999999998,0.023711999999999997,0.29047619999999996,0.05928,0.29322,2.0242368,0.5536857,0.54585,0.471,0.053040000000000004,0.0,0.0,96.1778
54,1.0,3.0,23.0,187.0,80.0,7.0,79400,0.025685600000000003,0.016616000000000002,0.024924,0.0615991,0.18432630000000003,0.466233,1.1280387,0.1488838,0.15541100000000002,0.25299140000000003,0.08313440000000001,0.0,0.0,64.4667
41,1.0,2.0,27.0,169.0,64.0,5.8181818181818175,5309528,0.0662316,0.022714499999999995,0.0162165,0.24176279999999997,0.0444,0.29364,1.0193647,0.2848308,0.30045,0.33801,0.10242,0.00342,0.0,87.8667
17,1.0,3.0,28.0,180.0,78.0,6.4,4945797,0.1186966,0.031195200000000003,0.057137600000000004,0.3625112,0.0383984,0.21226299999999998,0.7136256,0.1764561,0.07677350000000001,0.1083916,0.0157974,0.0,0.0,103.1778
15,1.0,2.0,22.0,172.0,69.0,6.7333333333333325,2677415,0.28622759999999997,0.07008149999999999,0.086583,0.5724551999999999,0.039060000000000004,0.17357999999999998,2.8880704,1.3638006,0.64659,0.24735,0.01302,0.0,0.0,69.1333
96,1.0,2.0,21.0,185.0,68.0,5.727272727272728,913272,0.0760965,0.0037335,0.011171999999999998,0.19403879999999998,0.05882999999999999,0.38828999999999997,1.6182574,0.36142199999999997,0.78051,0.29415,0.09414,0.00393,0.00393,76.4889
3,1.0,3.0,26.0,191.0,86.0,5.466666666666668,841807,0.0446519,0.0333928,0.022244000000000003,0.1133344,0.041101200000000004,0.2949547,1.3833162,0.0515036,0.1474657,0.18614370000000002,0.0314317,0.0,0.0,96.3778
80,1.0,2.0,23.0,180.0,72.0,6.363636363636362,32064,0.06655169999999999,0.020576999999999998,0.037734,0.2486595,0.050550000000000005,0.39717,1.4298225,0.3572316,0.21302999999999997,0.62823,0.07580999999999999,0.0036,0.0,83.0889
93,1.0,4.0,32.0,175.0,77.0,6.153846153846153,8983450,0.370251,0.050084199999999995,0.050084199999999995,1.1371374,0.01401,0.2473699,1.6550136000000002,1.0729152,0.7794697,0.2986932,0.037360000000000004,0.0,0.0,100.0556
74,1.0,2.0,25.0,186.0,72.0,5.533333333333332,641544,0.029565599999999997,0.0108585,0.0,0.0850302,0.057179999999999995,0.35825999999999997,1.2208927,0.1552776,0.39638999999999996,0.41924999999999996,0.08385000000000001,0.0038099999999999996,0.0,78.7111
67,1.0,3.0,26.0,183.0,75.0,4.666666666666667,3115459,0.0302534,0.0489904,0.0293728,0.0756004,0.07663370000000001,0.249077,0.747501,0.0514043,0.0702495,0.15114710000000003,0.0170323,0.0,0.0021203000000000003,109.4444
36,1.0,4.0,24.0,0.0,0.0,5.375,44053,0.4137966,0.0855262,0.0171124,0.46305,0.0162516,0.44631190000000004,1.7706978,0.5353236,0.9372689999999999,0.3692102,0.032456500000000006,0.0,0.0,115.1
83,1.0,3.0,28.0,178.0,68.0,6.3,7464820,0.0438244,0.016348,0.0927816,0.3067046,0.0332258,0.3273883,1.2464207999999999,0.3504959,0.31790520000000005,0.1969083,0.0427089,0.0,0.004753200000000001,98.2111
66,1.0,2.0,25.0,175.0,68.0,5.0,739524,0.19758900000000001,0.05905199999999999,0.06888449999999999,0.7167039,0.05871,0.16227,2.7095253,0.7066644,1.4087100000000001,0.30383999999999994,0.06215999999999999,0.0,0.0,86.8889
94,1.0,4.0,26.0,192.0,84.0,6.545454545454546,109000,0.28440719999999997,0.0600903,0.0476498,0.4550742,0.032456500000000006,0.140567,2.5781326,0.35002799999999995,0.8703479000000001,0.8216865000000001,0.0486614,0.0,0.0,86.3889
123,1.0,2.0,23.0,180.0,80.0,6.125,413959,0.1450926,0.037392,0.017442,0.22910429999999998,0.06821999999999999,0.55113,1.1943644,0.1705551,0.17057999999999998,0.2808,0.07611,0.00261,0.0,114.3111
0,1.0,3.0,24.0,188.0,78.0,6.0,601838,0.0202903,0.0,0.0065928,0.0568327,0.0885866,0.31145110000000004,1.2707819999999999,0.0527614,0.1314353,0.1371438,0.022857300000000004,0.0,0.0,81.5444
107,1.0,2.0,28.0,165.0,60.0,4.384615384615385,4860797,0.019118699999999995,0.0093765,0.040583999999999995,0.36666,0.02631,0.28599,1.4346119,0.40175459999999996,0.6771299999999999,0.41087999999999997,0.11831999999999998,0.0065699999999999995,0.0,91.2667
74,1.0,3.0,28.0,172.0,65.0,6.111111111111112,1049277,0.10747570000000001,0.0614256,0.07166320000000001,0.3097829,0.0422895,0.5540740000000001,1.3918608000000001,0.17069670000000003,0.4672815,0.32042160000000003,0.06230420000000001,0.0022367999999999997,0.0,104.7111
69,1.0,4.0,31.0,187.0,80.0,5.0,9446820,0.5434884,0.1336235,0.024737799999999997,0.386694,0.0128892,0.13771830000000002,1.0850846,0.2682666,0.2797797,0.2840761,0.0215287,0.0042964000000000006,0.0042964000000000006,108.5
48,1.0,4.0,23.0,178.0,79.0,6.888888888888888,516622,0.3969378,0.06265,0.028711599999999997,0.8379504000000001,0.0,0.31331030000000004,1.6607264,0.848988,0.6402103,0.5039864,0.0544989,0.0,0.013636400000000002,68.5667
17,1.0,2.0,23.0,173.0,66.0,6.4,979374,0.2595138,0.0900315,0.05825399999999999,0.49740629999999997,0.01671,0.23409,0.9014024,0.5622993,0.41247,0.1059,0.02229,0.0,0.0,53.8222
37,1.0,2.0,27.0,179.0,70.0,3.7,1106225,0.37146149999999994,0.1584885,0.0792585,0.5406489,0.00378,0.09858,1.8591891,0.7980965999999999,0.4512,0.26541,0.06447,0.0,0.00378,79.1222
53,1.0,3.0,25.0,185.0,75.0,6.0769230769230775,2862273,0.09536110000000002,0.014043200000000002,0.049151200000000006,0.3337804,0.07017960000000001,0.2471664,1.3888913999999999,0.3294443,0.15562070000000003,0.27768940000000003,0.07323190000000002,0.0,0.0,76.3556
48,1.0,3.0,30.0,178.0,70.0,6.333333333333332,1786433,0.0313126,0.0138288,0.0553152,0.23918060000000002,0.0240456,0.24453350000000004,1.2433302,0.2733398,0.126286,0.1603506,0.0320608,0.0020038,0.0,116.2444
85,1.0,3.0,27.0,182.0,75.0,5.5,6622992,0.030154100000000003,0.0081472,0.0081472,0.0251229,0.07076210000000001,0.37156510000000004,1.0584093,0.1256807,0.2477023,0.2547855,0.056619,0.0035416,0.0,65.8444
36,1.0,3.0,24.578947368421048,183.73684210526315,78.3157894736842,6.63157894736842,1272448,0.0432286,0.0205824,0.0205824,0.0839416,0.0662419,0.39032160000000005,1.8044862,0.1729475,0.29721480000000006,0.2255906,0.055500600000000004,0.0017941,0.0,130.1333
113,1.0,2.0,25.0,172.0,64.0,6.0,1508970,0.19898579999999996,0.0649515,0.04175249999999999,0.4169157,0.039060000000000004,0.41028,2.4861029,0.8290880999999999,0.6105299999999999,0.5372699999999999,0.06837,0.009779999999999999,0.004889999999999999,61.4222
149,1.0,2.0,24.0,183.0,74.0,7.125,529117,0.06402,0.014249999999999999,0.014249999999999999,0.1658991,0.075,0.65106,2.730891,0.2648391,0.22202999999999998,0.45305999999999996,0.056999999999999995,0.006,0.0,99.9889
72,1.0,2.0,20.0,180.0,76.0,4.166666666666667,4253514,0.25401389999999996,0.12252149999999999,0.13737,0.6900191999999999,0.0039000000000000003,0.1446,1.0129580999999999,0.9402210000000001,0.30876,0.05861999999999999,0.019530000000000002,0.0,0.0,76.7556
13,1.0,2.0,26.0,173.0,64.0,6.642857142857142,2076355,0.22424459999999996,0.07843199999999999,0.083676,0.6300440999999999,0.019259999999999996,0.23117999999999997,1.3638283,0.5713203,0.26972999999999997,0.26148,0.03027,0.0,0.0,109.0
84,1.0,4.0,28.0,175.0,69.0,5.538461538461538,7300802,0.45163440000000005,0.09639149999999999,0.028622099999999998,0.5884326,0.023583500000000004,0.20828200000000002,2.3060412,0.8046864,0.8448497,0.6090614000000001,0.0550126,0.0,0.0039228,118.8444
26,1.0,3.0,24.0,190.0,77.0,5.333333333333333,139915,0.08281619999999999,0.06308720000000001,0.0157584,0.11204350000000002,0.0651468,0.4355236,0.8874567,0.1364051,0.18174,0.3978009,0.07887050000000001,0.0068502,0.0,67.9444
101,1.0,2.0,24.0,177.0,73.0,5.7,283652,0.3305469,0.09960749999999999,0.053352,0.44316389999999994,0.018719999999999997,0.13107,1.2345145,0.6029810999999999,0.53925,0.3257999999999999,0.01122,0.0,0.0,80.1111
122,1.0,2.0,28.0,181.0,77.0,5.5,62171,0.08447729999999999,0.027587999999999998,0.030095999999999998,0.3276951,0.07389,0.29295,1.4391836,0.21504900000000002,0.46715999999999996,0.37215,0.04488,0.0,0.00264,113.6667
91,1.0,4.0,28.0,197.0,84.0,6.0,48391,0.4615002,0.1008665,0.030250999999999997,0.42245279999999996,0.035071700000000004,0.078923,1.3993272,0.1561896,0.5789399000000001,0.5175294,0.0833128,0.0043898,0.0,106.4778
82,1.0,4.0,23.0,178.0,78.0,5.071428571428571,505348,0.38174220000000003,0.05549,0.05549,0.7672644,0.01401,0.13076000000000002,1.3740056,0.9222066000000001,0.6023833000000001,0.3315233,0.08406,0.0,0.0,100.0111
77,1.0,2.0,27.0,182.0,72.0,7.090909090909091,0,0.1580712,0.030951,0.09288149999999999,0.7744673999999999,0.07332,0.28515,1.5118332,0.5848227,0.40329,0.58659,0.08961000000000001,0.004079999999999999,0.0,73.6444
24,1.0,3.0,23.0,185.0,75.0,5.0,536092,0.0505768,0.021868800000000004,0.021868800000000004,0.11128220000000001,0.1329498,0.3347511,1.6362606,0.1854924,0.12582000000000002,0.1851651,0.037979000000000006,0.0,0.0,98.1444
57,1.0,4.0,27.0,181.0,75.0,7.111111111111112,6510041,0.5316948,0.1318872,0.017989500000000002,0.4177656,0.015644500000000002,0.057347600000000006,0.8144214000000001,0.1097334,0.3336715,0.29715210000000003,0.015644500000000002,0.0,0.0,89.5778
67,1.0,2.0,29.142857142857146,169.0,62.214285714285715,4.928571428571429,3644529,0.0384993,0.014506499999999999,0.03192,0.3020871,0.036629999999999996,0.39692999999999995,1.1837904,0.100686,0.13434,0.33585,0.039689999999999996,0.0030600000000000002,0.0,98.2556
111,1.0,2.0,24.0,180.0,73.0,6.071428571428571,3211,0.33089609999999997,0.038703,0.04836449999999999,0.8395932,0.04074,0.31059000000000003,1.1981275,0.5778386999999999,0.77391,0.63135,0.05601,0.0,0.0051,58.9222
42,1.0,4.0,24.0,186.0,81.0,5.375,106490,0.31449600000000005,0.048902799999999996,0.026670999999999997,0.5069357999999999,0.0522106,0.24933130000000003,3.0579692,0.7181244,0.7190399000000001,0.8640434000000001,0.11016530000000001,0.0,0.0057908000000000005,80.5333
10,1.0,3.0,23.0,175.0,69.0,5.916666666666668,165000,0.1026762,0.027711200000000002,0.11641920000000001,0.6982776,0.0433613,0.3517834,1.1499456,0.4244413,0.23612220000000003,0.1421533,0.0216923,0.0,0.0,96.7
83,1.0,2.0,23.0,175.0,71.0,5.0,40819,0.0230181,0.0,0.011286,0.24176279999999997,0.11274,0.35604,1.4886948000000002,0.44898389999999994,0.22548,0.37385999999999997,0.05934,0.0,0.0,50.5556
109,1.0,2.0,32.0,180.0,76.0,6.545454545454546,22044600,0.09844529999999999,0.04283549999999999,0.06426749999999999,0.8640081,0.01128,0.10149,1.0207953,0.39736049999999995,0.33075,0.20295,0.030059999999999996,0.0,0.0,79.8222
38,1.0,4.0,21.0,181.0,70.0,5.5,3266789,0.3645432,0.0863138,0.03452909999999999,0.4155732,0.0,0.12609,1.0051054,0.2989224,0.9908339000000002,0.6485696000000001,0.0990974,0.0,0.0,51.8444
53,1.0,4.0,24.0,182.0,76.0,5.0,12261348,0.44025660000000005,0.047381299999999994,0.03791219999999999,0.8471736000000001,0.0164851,0.2802,1.5939484000000002,0.7003962,0.5851043,0.3131702,0.0494553,0.0,0.0,56.6667
103,1.0,2.0,26.0,177.0,77.0,6.545454545454546,118351,0.23963849999999998,0.0726465,0.0530955,0.4878615,0.0147,0.29412,0.9604302,0.1768698,0.39117,0.25293,0.06765,0.0,0.0,102.0
33,1.0,3.0,31.0,170.0,68.0,6.4,12699789,0.0472999,0.0335,0.134,0.4610499,0.0311987,0.4015056,0.7548033,0.1861875,0.1435513,0.1726763,0.054079300000000004,0.0,0.0,112.0
100,1.0,2.0,30.0,178.0,72.0,7.222222222222222,5158815,0.11092919999999999,0.039016499999999996,0.0529245,0.6115947,0.06744,0.50439,0.8238700999999999,0.201954,0.29618999999999995,0.41934,0.07332,0.00294,0.0,102.3
28,1.0,4.0,33.0,186.0,89.0,6.846153846153847,88500,0.47873699999999997,0.0785452,0.028568399999999997,0.4297104,0.0092933,0.10245980000000002,1.0970506,0.550368,0.4889957,0.335306,0.0558999,0.0,0.0046700000000000005,100.2778
88,1.0,3.0,22.0,175.0,69.0,4.307692307692308,4360128,0.08622550000000001,0.0310344,0.15511840000000002,0.6098344,0.047205800000000006,0.3416246,0.9499049999999999,0.22349120000000003,0.05393950000000001,0.1438542,0.0337151,0.0,0.0,103.6667
68,1.0,3.0,25.0,180.0,75.0,3.5,689371,0.0755673,0.0425584,0.0212792,0.0788442,0.1919221,0.27747970000000005,1.3501074,0.0492859,0.12022800000000002,0.1456716,0.020806900000000003,0.0,0.0,100.7667
56,1.0,3.0,20.0,178.0,69.0,4.666666666666667,66558,0.055806600000000005,0.0225656,0.0526888,0.2557306,0.11782810000000002,0.22584690000000002,1.3662573,0.4277513,0.3207478,0.1702065,0.0490931,0.0,0.0,71.1889
54,1.0,2.0,27.0,181.0,65.0,5.545454545454546,3165227,0.44520089999999996,0.09715649999999999,0.12705299999999997,1.0633721999999999,0.0105,0.25439999999999996,1.4627263,0.8166042,0.41175,0.33830999999999994,0.03408,0.0,0.0,114.3889
12,1.0,2.0,25.0,186.0,80.0,6.3,158027,0.13644989999999999,0.05164199999999999,0.021261,0.35045129999999997,0.041550000000000004,0.29094,1.6837229,0.36284789999999995,0.16626,0.59466,0.06713999999999999,0.0,0.0032099999999999997,93.8333
31,1.0,4.0,25.0,175.0,70.0,4.833333333333333,1508469,0.4774896,0.0934917,0.039129399999999995,0.8447544,0.0056507,0.2666103,1.9737724,0.757512,1.1570859,0.5104777,0.07939000000000002,0.0,0.0113481,82.3333
32,1.0,4.0,28.0,183.0,78.0,7.25,4118424,0.545265,0.0954965,0.0495114,0.545265,0.0138232,0.1891817,1.483591,0.8328474,0.4337496,0.31377730000000004,0.0323164,0.0,0.0138232,101.2111
32,1.0,3.0,21.0,192.0,93.0,5.6,60767,0.0254208,0.0247096,0.0082544,0.0610033,0.0966251,0.39363020000000004,1.6241103,0.20843070000000002,0.22186260000000002,0.2683927,0.050095,0.0,0.0,65.1111
90,1.0,3.0,23.0,184.0,81.0,6.125,1804339,0.11608170000000001,0.0548328,0.047007200000000006,0.3192164,0.044270000000000004,0.3064183,1.4611265999999998,0.6191024,0.5583845000000001,0.2689752,0.05447540000000001,0.0034018000000000004,0.0034018000000000004,68.4333
126,1.0,2.0,24.0,191.0,82.0,6.5,11905800,0.08025779999999999,0.019636499999999998,0.0147345,0.23824169999999997,0.06981,0.40074000000000004,2.0906042,0.2507838,0.32319,0.54294,0.06465,0.0,0.0,116.0333
98,1.0,2.0,24.0,188.0,83.0,7.0,114551,0.10112249999999999,0.0416955,0.020862,0.22884239999999997,0.043890000000000005,0.41151,1.2171918000000002,0.3352901999999999,0.54867,0.7571699999999999,0.08228999999999999,0.00549,0.0,54.6778
118,1.0,2.0,27.0,191.0,84.0,5.833333333333332,41084974,0.30336749999999996,0.072618,0.082536,0.49886129999999995,0.0417,0.19457999999999998,2.2586686,0.6100814999999999,0.6150599999999999,0.49692000000000003,0.045180000000000005,0.0034799999999999996,0.0034799999999999996,86.3333
52,1.0,3.0,24.0,189.0,83.0,6.8,52955,0.0538206,0.051241600000000005,0.025620800000000003,0.21842690000000003,0.055710300000000004,0.260727,0.9563286,0.12978510000000001,0.1092071,0.12255800000000001,0.0066871000000000005,0.0,0.0,104.5556
95,1.0,2.0,28.0,181.0,68.0,7.1,872415,0.1135191,0.0277875,0.049419,0.5802539999999999,0.07152,0.39338999999999996,1.1660945,0.271212,0.22107,0.47790000000000005,0.10076999999999998,0.0032400000000000003,0.0,92.2778
135,1.0,2.0,20.0,173.0,0.0,1.1666666666666667,182918,0.0197589,0.023198999999999997,0.0193515,0.1895865,0.05292,0.08957999999999999,0.0,0.1224528,0.20766,0.09366,0.08549999999999999,0.0,0.0,73.6778
82,1.0,3.0,27.0,191.0,81.0,6.583333333333332,13905800,0.0321732,0.023691200000000003,0.009487200000000001,0.0555418,0.086443,0.25935230000000004,0.9073941,0.0848022,0.0782181,0.1070402,0.0164731,0.0,0.0020504000000000004,113.2
4,1.0,3.0,26.0,178.0,64.0,5.916666666666668,2696305,0.0537875,0.013775200000000001,0.1145968,0.4217271,0.0418468,0.21717930000000002,0.9768114,0.19813660000000002,0.06575260000000001,0.1434581,0.0278901,0.0,0.0,116.9444
7,1.0,2.0,25.0,188.0,71.0,4.9,1741682,0.0480732,0.023541,0.0313785,0.2283768,0.04130999999999999,0.33455999999999997,1.2802626,0.396633,0.30563999999999997,0.45846,0.04130999999999999,0.00414,0.0,72.6333
53,1.0,2.0,24.0,178.0,65.0,5.916666666666668,473494,0.027179399999999996,0.0037904999999999996,0.0037904999999999996,0.1940679,0.08001,0.34010999999999997,1.1033347,0.2639079,0.28809,0.24408,0.06801,0.0,0.0,74.9778
20,1.0,3.0,24.0,187.0,81.0,6.0,610150,0.0318091,0.0102912,0.0051456,0.0413419,0.1074596,0.3224021,1.2432393000000002,0.07632860000000001,0.0962756,0.20823210000000003,0.031338500000000005,0.0,0.0022367999999999997,104.0667
75,1.0,2.0,24.0,179.0,75.0,7.111111111111112,1100456,0.3364251,0.10069049999999999,0.064068,0.5467017,0.0,0.09152999999999999,1.7078565,1.0980594,0.5877,0.20715,0.02889,0.0,0.0,62.2778
72,1.0,4.0,29.0,187.0,76.0,5.8,2079626,0.4731804,0.08618849999999999,0.0478825,0.5702508,0.0249845,0.2997673,1.9864332000000002,0.46913580000000005,0.5446154,0.6945224000000001,0.06495970000000001,0.0,0.0,93.4667
25,1.0,4.0,23.0,175.0,70.0,6.142857142857142,345689,0.416367,0.0448037,0.0233058,0.5677559999999999,0.0046700000000000005,0.1636835,1.6968174,0.7532405999999999,0.7669074000000001,0.7388407,0.0794834,0.0,0.0,99.8667
70,1.0,3.0,23.0,195.0,90.0,7.0,62620,0.09354060000000002,0.0395032,0.0,0.0406799,0.14315519999999998,0.2949081,1.1691254999999998,0.07321720000000001,0.11738540000000001,0.3893896,0.0458078,0.0057318000000000004,0.0,81.3778
136,1.0,2.0,26.0,184.0,76.0,6.666666666666668,1268307,0.1270797,0.037962,0.012654,0.1938642,0.06441,0.43971,1.7727,0.3403536,0.26649,0.49524,0.07551,0.0,0.0,135.0889
79,1.0,3.0,27.0,170.0,71.0,5.8181818181818175,684951,0.21680500000000003,0.13373200000000002,0.0752544,0.5265217,0.010904400000000002,0.30523,0.7465919999999999,0.4284464,0.18169340000000003,0.0981163,0.018174000000000003,0.0,0.0,64.1222
138,1.0,2.0,26.0,185.0,77.0,6.538461538461537,1136691,0.0834588,0.015732,0.018867,0.2375724,0.06617999999999999,0.53616,2.2610322,0.5489715,0.67848,0.5493899999999999,0.06288,0.0066300000000000005,0.0033000000000000004,90.6444
39,1.0,4.0,21.0,171.0,66.0,5.181818181818182,810572,0.33248880000000003,0.0499768,0.0349945,0.6649776000000001,0.0260586,0.2151936,1.5467406000000001,0.8655444,0.7954878000000001,0.7498152,0.0847605,0.0065379999999999995,0.0,71.6222
3,1.0,2.0,24.0,180.0,69.0,4.666666666666667,11440,0.19540649999999998,0.0399855,0.0342855,0.4287303,0.015029999999999998,0.30668999999999996,1.1781924000000001,0.4403994,0.55323,0.46904999999999997,0.08118,0.003,0.003,99.7778
124,1.0,2.0,20.0,178.0,70.0,6.777777777777778,316846,0.1434048,0.06352649999999999,0.05016,0.3619458,0.01056,0.17952,1.2225099,0.3619458,0.17952,0.23231999999999997,0.01407,0.0,0.0,85.2222
88,1.0,4.0,22.0,185.0,78.0,4.25,172591,0.2689092,0.0918091,0.014803299999999998,0.2001132,0.0154577,0.11590940000000001,0.21075600000000003,0.1188054,0.4017601,0.6026168000000001,0.0463731,0.0,0.0,60.4444
70,1.0,4.0,27.0,177.0,75.0,7.333333333333332,38548092,0.5397462,0.09257879999999999,0.0342069,0.8584758,0.0052304000000000005,0.21528700000000003,1.8531088,0.9902088000000001,1.3231044,0.3412836,0.0419833,0.0052304000000000005,0.0,88.9444
87,1.0,4.0,24.0,180.0,75.0,6.636363636363638,823676,0.6161399999999999,0.1163858,0.0430495,0.4579092,0.0083126,0.0956883,0.81832,0.46463760000000004,0.4700355,0.34109680000000003,0.0291408,0.0,0.0,112.2667
102,1.0,2.0,24.0,184.0,74.0,7.0,34822,0.0560757,0.0117705,0.0117705,0.1962504,0.12801,0.28491,0.8346929,0.18423209999999998,0.18993,0.5615399999999999,0.07431,0.00414,0.0,72.6556
52,1.0,2.0,23.0,173.0,70.0,6.111111111111112,407655,0.295074,0.12386099999999998,0.030038999999999996,0.39474149999999997,0.0237,0.17385,1.4089233,0.226107,0.71115,0.22521,0.05532,0.0,0.0,75.9333
87,1.0,2.0,28.0,172.0,72.0,5.133333333333334,4417592,0.2542758,0.09798299999999999,0.03673649999999999,0.37515719999999997,0.012899999999999998,0.24924,2.2987254,0.796176,0.636,0.33947999999999995,0.02577,0.0,0.0,69.8111
21,1.0,2.0,31.0,182.0,74.0,7.333333333333332,276500,0.1519893,0.06221549999999999,0.0466545,0.619248,0.04911,0.31568999999999997,1.2921117,0.35385599999999995,0.61971,0.28998,0.0795,0.0023399999999999996,0.004679999999999999,128.2889
9,1.0,4.0,30.0,185.0,78.0,6.7,1143091,0.6652044,0.1407119,0.0447679,0.5909274,0.0041563,0.037546800000000005,0.9068684000000001,0.3680586,0.5757175999999999,0.3837806,0.07509360000000001,0.0,0.0041563,111.9444
5,1.0,2.0,24.0,180.0,75.0,6.384615384615384,2393,0.2758971,0.0407265,0.059223,0.6160178999999999,0.03507,0.17532,1.4297914,0.6991566,0.21429,0.19091999999999998,0.0039000000000000003,0.0,0.0,77.0
61,1.0,2.0,28.0,176.0,79.0,6.416666666666668,19487679,0.2766246,0.07866,0.04807949999999999,0.5844735,0.0045899999999999995,0.1656,1.7022896,0.7317195,0.73596,0.27137999999999995,0.03219,0.0,0.0,65.2222
133,1.0,2.0,25.0,191.0,76.0,7.0,470134,0.2612016,0.0723045,0.0416955,0.5024987999999999,0.04683,0.32195999999999997,1.8872413,0.4457247,0.44196,0.6234000000000001,0.08486999999999999,0.0,0.00294,102.5
2,1.0,2.0,27.0,184.0,75.0,4.666666666666667,46206,0.1275744,0.043462499999999994,0.029868,0.3272295,0.06860999999999999,0.34023000000000003,1.5085677,0.30229079999999997,0.15438,0.36594,0.08003999999999999,0.0,0.0,104.9333
22,1.0,3.0,29.0,187.0,72.0,6.0,17900,0.019065600000000002,0.0051456,0.0,0.0413088,0.040262400000000004,0.42941900000000005,1.2128484,0.18109010000000003,0.1856311,0.3377102,0.0626304,0.0044735999999999995,0.0022367999999999997,104.1778
47,1.0,4.0,28.0,178.0,85.0,7.222222222222222,176399,0.42725340000000006,0.0722623,0.0433538,0.5188050000000001,0.0188668,0.0895239,1.2543456,0.38147760000000003,0.7163780000000001,0.6880778000000001,0.0659871,0.0,0.0,99.0889
77,1.0,3.0,23.0,187.0,70.0,5.6,316192,0.0524635,0.04716800000000001,0.0141504,0.09906830000000001,0.0861401,0.21741230000000003,0.9495414,0.04951760000000001,0.1497258,0.28509880000000004,0.051283300000000004,0.0020504000000000004,0.0,113.6
